"year","tree_id","ring_width"
"1817","COPS01XX",NA
"1817","COPS02XX",NA
"1817","COPS03AX",NA
"1817","COPS05XX",NA
"1817","COPS06XX",NA
"1817","COPS07XX",NA
"1817","COPS08XX",NA
"1817","COPS09XX",NA
"1817","COPS10XX",NA
"1817","COPS11XX",NA
"1817","COPS12XX",NA
"1817","COPS13XX",NA
"1817","COPS14XX",NA
"1817","COPS15XX",NA
"1817","COPS16XX",NA
"1817","COPS17XX",1.6
"1817","COPS18XX",NA
"1817","COPS19XX",NA
"1817","COPS20XX",NA
"1817","COPS21XX",NA
"1817","COPS22XX",NA
"1817","COPS23XX",NA
"1817","COPS25AX",NA
"1817","COPS26AX",NA
"1817","COPS27XX",NA
"1817","COPS28XX",NA
"1817","COPS29XX",NA
"1817","COPS30XX",NA
"1817","COPS31XX",NA
"1817","COPS32AX",NA
"1817","COPS33XX",NA
"1817","COPS34XX",NA
"1817","COPS35XX",NA
"1817","COPS36AX",NA
"1817","COPS37XX",NA
"1817","COPS38XX",NA
"1818","COPS01XX",NA
"1818","COPS02XX",NA
"1818","COPS03AX",NA
"1818","COPS05XX",NA
"1818","COPS06XX",NA
"1818","COPS07XX",NA
"1818","COPS08XX",NA
"1818","COPS09XX",NA
"1818","COPS10XX",NA
"1818","COPS11XX",NA
"1818","COPS12XX",NA
"1818","COPS13XX",NA
"1818","COPS14XX",NA
"1818","COPS15XX",NA
"1818","COPS16XX",NA
"1818","COPS17XX",1.58
"1818","COPS18XX",NA
"1818","COPS19XX",NA
"1818","COPS20XX",NA
"1818","COPS21XX",NA
"1818","COPS22XX",NA
"1818","COPS23XX",NA
"1818","COPS25AX",NA
"1818","COPS26AX",NA
"1818","COPS27XX",NA
"1818","COPS28XX",NA
"1818","COPS29XX",NA
"1818","COPS30XX",NA
"1818","COPS31XX",NA
"1818","COPS32AX",NA
"1818","COPS33XX",NA
"1818","COPS34XX",NA
"1818","COPS35XX",NA
"1818","COPS36AX",NA
"1818","COPS37XX",NA
"1818","COPS38XX",NA
"1819","COPS01XX",NA
"1819","COPS02XX",NA
"1819","COPS03AX",NA
"1819","COPS05XX",NA
"1819","COPS06XX",NA
"1819","COPS07XX",NA
"1819","COPS08XX",NA
"1819","COPS09XX",NA
"1819","COPS10XX",NA
"1819","COPS11XX",NA
"1819","COPS12XX",NA
"1819","COPS13XX",NA
"1819","COPS14XX",NA
"1819","COPS15XX",NA
"1819","COPS16XX",NA
"1819","COPS17XX",1.28
"1819","COPS18XX",NA
"1819","COPS19XX",NA
"1819","COPS20XX",NA
"1819","COPS21XX",NA
"1819","COPS22XX",NA
"1819","COPS23XX",NA
"1819","COPS25AX",NA
"1819","COPS26AX",NA
"1819","COPS27XX",NA
"1819","COPS28XX",NA
"1819","COPS29XX",NA
"1819","COPS30XX",NA
"1819","COPS31XX",NA
"1819","COPS32AX",NA
"1819","COPS33XX",NA
"1819","COPS34XX",NA
"1819","COPS35XX",NA
"1819","COPS36AX",NA
"1819","COPS37XX",NA
"1819","COPS38XX",NA
"1820","COPS01XX",NA
"1820","COPS02XX",NA
"1820","COPS03AX",NA
"1820","COPS05XX",NA
"1820","COPS06XX",NA
"1820","COPS07XX",NA
"1820","COPS08XX",NA
"1820","COPS09XX",NA
"1820","COPS10XX",NA
"1820","COPS11XX",NA
"1820","COPS12XX",NA
"1820","COPS13XX",NA
"1820","COPS14XX",NA
"1820","COPS15XX",NA
"1820","COPS16XX",NA
"1820","COPS17XX",1.11
"1820","COPS18XX",NA
"1820","COPS19XX",NA
"1820","COPS20XX",NA
"1820","COPS21XX",NA
"1820","COPS22XX",0.43
"1820","COPS23XX",NA
"1820","COPS25AX",NA
"1820","COPS26AX",NA
"1820","COPS27XX",NA
"1820","COPS28XX",NA
"1820","COPS29XX",NA
"1820","COPS30XX",NA
"1820","COPS31XX",NA
"1820","COPS32AX",NA
"1820","COPS33XX",NA
"1820","COPS34XX",NA
"1820","COPS35XX",NA
"1820","COPS36AX",NA
"1820","COPS37XX",NA
"1820","COPS38XX",NA
"1821","COPS01XX",NA
"1821","COPS02XX",NA
"1821","COPS03AX",NA
"1821","COPS05XX",NA
"1821","COPS06XX",NA
"1821","COPS07XX",NA
"1821","COPS08XX",NA
"1821","COPS09XX",NA
"1821","COPS10XX",NA
"1821","COPS11XX",NA
"1821","COPS12XX",NA
"1821","COPS13XX",NA
"1821","COPS14XX",NA
"1821","COPS15XX",NA
"1821","COPS16XX",NA
"1821","COPS17XX",0.91
"1821","COPS18XX",NA
"1821","COPS19XX",NA
"1821","COPS20XX",NA
"1821","COPS21XX",NA
"1821","COPS22XX",1.25
"1821","COPS23XX",NA
"1821","COPS25AX",NA
"1821","COPS26AX",NA
"1821","COPS27XX",NA
"1821","COPS28XX",NA
"1821","COPS29XX",NA
"1821","COPS30XX",NA
"1821","COPS31XX",NA
"1821","COPS32AX",NA
"1821","COPS33XX",NA
"1821","COPS34XX",NA
"1821","COPS35XX",NA
"1821","COPS36AX",NA
"1821","COPS37XX",NA
"1821","COPS38XX",NA
"1822","COPS01XX",NA
"1822","COPS02XX",NA
"1822","COPS03AX",NA
"1822","COPS05XX",NA
"1822","COPS06XX",NA
"1822","COPS07XX",NA
"1822","COPS08XX",NA
"1822","COPS09XX",NA
"1822","COPS10XX",NA
"1822","COPS11XX",NA
"1822","COPS12XX",NA
"1822","COPS13XX",NA
"1822","COPS14XX",NA
"1822","COPS15XX",NA
"1822","COPS16XX",NA
"1822","COPS17XX",1.7
"1822","COPS18XX",NA
"1822","COPS19XX",NA
"1822","COPS20XX",NA
"1822","COPS21XX",NA
"1822","COPS22XX",0.63
"1822","COPS23XX",NA
"1822","COPS25AX",NA
"1822","COPS26AX",NA
"1822","COPS27XX",NA
"1822","COPS28XX",NA
"1822","COPS29XX",NA
"1822","COPS30XX",NA
"1822","COPS31XX",NA
"1822","COPS32AX",NA
"1822","COPS33XX",NA
"1822","COPS34XX",NA
"1822","COPS35XX",NA
"1822","COPS36AX",NA
"1822","COPS37XX",NA
"1822","COPS38XX",NA
"1823","COPS01XX",NA
"1823","COPS02XX",NA
"1823","COPS03AX",NA
"1823","COPS05XX",NA
"1823","COPS06XX",NA
"1823","COPS07XX",NA
"1823","COPS08XX",NA
"1823","COPS09XX",NA
"1823","COPS10XX",NA
"1823","COPS11XX",NA
"1823","COPS12XX",NA
"1823","COPS13XX",NA
"1823","COPS14XX",NA
"1823","COPS15XX",NA
"1823","COPS16XX",NA
"1823","COPS17XX",0.75
"1823","COPS18XX",NA
"1823","COPS19XX",NA
"1823","COPS20XX",NA
"1823","COPS21XX",NA
"1823","COPS22XX",0.94
"1823","COPS23XX",NA
"1823","COPS25AX",NA
"1823","COPS26AX",NA
"1823","COPS27XX",NA
"1823","COPS28XX",NA
"1823","COPS29XX",NA
"1823","COPS30XX",NA
"1823","COPS31XX",NA
"1823","COPS32AX",NA
"1823","COPS33XX",NA
"1823","COPS34XX",NA
"1823","COPS35XX",NA
"1823","COPS36AX",NA
"1823","COPS37XX",NA
"1823","COPS38XX",NA
"1824","COPS01XX",NA
"1824","COPS02XX",NA
"1824","COPS03AX",NA
"1824","COPS05XX",NA
"1824","COPS06XX",NA
"1824","COPS07XX",NA
"1824","COPS08XX",NA
"1824","COPS09XX",NA
"1824","COPS10XX",NA
"1824","COPS11XX",NA
"1824","COPS12XX",1.17
"1824","COPS13XX",NA
"1824","COPS14XX",NA
"1824","COPS15XX",NA
"1824","COPS16XX",NA
"1824","COPS17XX",1.11
"1824","COPS18XX",NA
"1824","COPS19XX",2.75
"1824","COPS20XX",NA
"1824","COPS21XX",NA
"1824","COPS22XX",0.84
"1824","COPS23XX",NA
"1824","COPS25AX",NA
"1824","COPS26AX",NA
"1824","COPS27XX",NA
"1824","COPS28XX",NA
"1824","COPS29XX",NA
"1824","COPS30XX",NA
"1824","COPS31XX",NA
"1824","COPS32AX",NA
"1824","COPS33XX",NA
"1824","COPS34XX",NA
"1824","COPS35XX",NA
"1824","COPS36AX",NA
"1824","COPS37XX",NA
"1824","COPS38XX",NA
"1825","COPS01XX",NA
"1825","COPS02XX",NA
"1825","COPS03AX",NA
"1825","COPS05XX",NA
"1825","COPS06XX",NA
"1825","COPS07XX",NA
"1825","COPS08XX",NA
"1825","COPS09XX",NA
"1825","COPS10XX",NA
"1825","COPS11XX",NA
"1825","COPS12XX",1.03
"1825","COPS13XX",NA
"1825","COPS14XX",NA
"1825","COPS15XX",NA
"1825","COPS16XX",NA
"1825","COPS17XX",0.92
"1825","COPS18XX",NA
"1825","COPS19XX",1.54
"1825","COPS20XX",NA
"1825","COPS21XX",NA
"1825","COPS22XX",0.88
"1825","COPS23XX",NA
"1825","COPS25AX",NA
"1825","COPS26AX",NA
"1825","COPS27XX",NA
"1825","COPS28XX",NA
"1825","COPS29XX",NA
"1825","COPS30XX",NA
"1825","COPS31XX",NA
"1825","COPS32AX",NA
"1825","COPS33XX",NA
"1825","COPS34XX",NA
"1825","COPS35XX",NA
"1825","COPS36AX",NA
"1825","COPS37XX",NA
"1825","COPS38XX",NA
"1826","COPS01XX",NA
"1826","COPS02XX",NA
"1826","COPS03AX",NA
"1826","COPS05XX",NA
"1826","COPS06XX",NA
"1826","COPS07XX",NA
"1826","COPS08XX",NA
"1826","COPS09XX",NA
"1826","COPS10XX",NA
"1826","COPS11XX",NA
"1826","COPS12XX",2.03
"1826","COPS13XX",NA
"1826","COPS14XX",NA
"1826","COPS15XX",NA
"1826","COPS16XX",NA
"1826","COPS17XX",0.55
"1826","COPS18XX",NA
"1826","COPS19XX",1.66
"1826","COPS20XX",NA
"1826","COPS21XX",NA
"1826","COPS22XX",0.8
"1826","COPS23XX",NA
"1826","COPS25AX",NA
"1826","COPS26AX",NA
"1826","COPS27XX",NA
"1826","COPS28XX",NA
"1826","COPS29XX",NA
"1826","COPS30XX",NA
"1826","COPS31XX",NA
"1826","COPS32AX",NA
"1826","COPS33XX",NA
"1826","COPS34XX",NA
"1826","COPS35XX",NA
"1826","COPS36AX",NA
"1826","COPS37XX",NA
"1826","COPS38XX",NA
"1827","COPS01XX",NA
"1827","COPS02XX",NA
"1827","COPS03AX",NA
"1827","COPS05XX",NA
"1827","COPS06XX",NA
"1827","COPS07XX",NA
"1827","COPS08XX",NA
"1827","COPS09XX",NA
"1827","COPS10XX",NA
"1827","COPS11XX",NA
"1827","COPS12XX",1.31
"1827","COPS13XX",NA
"1827","COPS14XX",NA
"1827","COPS15XX",NA
"1827","COPS16XX",NA
"1827","COPS17XX",0.32
"1827","COPS18XX",NA
"1827","COPS19XX",1.26
"1827","COPS20XX",NA
"1827","COPS21XX",NA
"1827","COPS22XX",0.65
"1827","COPS23XX",NA
"1827","COPS25AX",NA
"1827","COPS26AX",NA
"1827","COPS27XX",NA
"1827","COPS28XX",NA
"1827","COPS29XX",NA
"1827","COPS30XX",NA
"1827","COPS31XX",NA
"1827","COPS32AX",NA
"1827","COPS33XX",NA
"1827","COPS34XX",NA
"1827","COPS35XX",NA
"1827","COPS36AX",NA
"1827","COPS37XX",NA
"1827","COPS38XX",NA
"1828","COPS01XX",NA
"1828","COPS02XX",NA
"1828","COPS03AX",NA
"1828","COPS05XX",NA
"1828","COPS06XX",NA
"1828","COPS07XX",NA
"1828","COPS08XX",NA
"1828","COPS09XX",NA
"1828","COPS10XX",NA
"1828","COPS11XX",NA
"1828","COPS12XX",1.87
"1828","COPS13XX",NA
"1828","COPS14XX",NA
"1828","COPS15XX",NA
"1828","COPS16XX",NA
"1828","COPS17XX",0.35
"1828","COPS18XX",NA
"1828","COPS19XX",0.49
"1828","COPS20XX",NA
"1828","COPS21XX",NA
"1828","COPS22XX",0.18
"1828","COPS23XX",NA
"1828","COPS25AX",NA
"1828","COPS26AX",NA
"1828","COPS27XX",NA
"1828","COPS28XX",NA
"1828","COPS29XX",NA
"1828","COPS30XX",NA
"1828","COPS31XX",NA
"1828","COPS32AX",NA
"1828","COPS33XX",NA
"1828","COPS34XX",NA
"1828","COPS35XX",NA
"1828","COPS36AX",NA
"1828","COPS37XX",NA
"1828","COPS38XX",NA
"1829","COPS01XX",NA
"1829","COPS02XX",NA
"1829","COPS03AX",NA
"1829","COPS05XX",NA
"1829","COPS06XX",NA
"1829","COPS07XX",NA
"1829","COPS08XX",NA
"1829","COPS09XX",NA
"1829","COPS10XX",NA
"1829","COPS11XX",NA
"1829","COPS12XX",1.56
"1829","COPS13XX",NA
"1829","COPS14XX",NA
"1829","COPS15XX",NA
"1829","COPS16XX",NA
"1829","COPS17XX",0.17
"1829","COPS18XX",0.92
"1829","COPS19XX",0.61
"1829","COPS20XX",NA
"1829","COPS21XX",NA
"1829","COPS22XX",0.16
"1829","COPS23XX",NA
"1829","COPS25AX",NA
"1829","COPS26AX",NA
"1829","COPS27XX",NA
"1829","COPS28XX",NA
"1829","COPS29XX",NA
"1829","COPS30XX",NA
"1829","COPS31XX",NA
"1829","COPS32AX",NA
"1829","COPS33XX",NA
"1829","COPS34XX",NA
"1829","COPS35XX",NA
"1829","COPS36AX",NA
"1829","COPS37XX",NA
"1829","COPS38XX",NA
"1830","COPS01XX",NA
"1830","COPS02XX",NA
"1830","COPS03AX",NA
"1830","COPS05XX",NA
"1830","COPS06XX",NA
"1830","COPS07XX",NA
"1830","COPS08XX",NA
"1830","COPS09XX",NA
"1830","COPS10XX",NA
"1830","COPS11XX",NA
"1830","COPS12XX",1.04
"1830","COPS13XX",NA
"1830","COPS14XX",NA
"1830","COPS15XX",NA
"1830","COPS16XX",NA
"1830","COPS17XX",0.63
"1830","COPS18XX",0.42
"1830","COPS19XX",0.38
"1830","COPS20XX",NA
"1830","COPS21XX",NA
"1830","COPS22XX",0.2
"1830","COPS23XX",NA
"1830","COPS25AX",NA
"1830","COPS26AX",NA
"1830","COPS27XX",NA
"1830","COPS28XX",NA
"1830","COPS29XX",NA
"1830","COPS30XX",NA
"1830","COPS31XX",NA
"1830","COPS32AX",NA
"1830","COPS33XX",NA
"1830","COPS34XX",NA
"1830","COPS35XX",NA
"1830","COPS36AX",NA
"1830","COPS37XX",NA
"1830","COPS38XX",NA
"1831","COPS01XX",NA
"1831","COPS02XX",NA
"1831","COPS03AX",NA
"1831","COPS05XX",NA
"1831","COPS06XX",NA
"1831","COPS07XX",NA
"1831","COPS08XX",NA
"1831","COPS09XX",NA
"1831","COPS10XX",NA
"1831","COPS11XX",NA
"1831","COPS12XX",1.3
"1831","COPS13XX",NA
"1831","COPS14XX",NA
"1831","COPS15XX",NA
"1831","COPS16XX",NA
"1831","COPS17XX",0.74
"1831","COPS18XX",0.33
"1831","COPS19XX",0.39
"1831","COPS20XX",NA
"1831","COPS21XX",NA
"1831","COPS22XX",0.07
"1831","COPS23XX",NA
"1831","COPS25AX",NA
"1831","COPS26AX",NA
"1831","COPS27XX",NA
"1831","COPS28XX",NA
"1831","COPS29XX",NA
"1831","COPS30XX",NA
"1831","COPS31XX",NA
"1831","COPS32AX",NA
"1831","COPS33XX",NA
"1831","COPS34XX",NA
"1831","COPS35XX",NA
"1831","COPS36AX",NA
"1831","COPS37XX",NA
"1831","COPS38XX",NA
"1832","COPS01XX",NA
"1832","COPS02XX",NA
"1832","COPS03AX",NA
"1832","COPS05XX",NA
"1832","COPS06XX",NA
"1832","COPS07XX",NA
"1832","COPS08XX",NA
"1832","COPS09XX",NA
"1832","COPS10XX",NA
"1832","COPS11XX",NA
"1832","COPS12XX",1.12
"1832","COPS13XX",NA
"1832","COPS14XX",NA
"1832","COPS15XX",NA
"1832","COPS16XX",NA
"1832","COPS17XX",0.56
"1832","COPS18XX",0.42
"1832","COPS19XX",0.48
"1832","COPS20XX",NA
"1832","COPS21XX",NA
"1832","COPS22XX",0.14
"1832","COPS23XX",NA
"1832","COPS25AX",NA
"1832","COPS26AX",NA
"1832","COPS27XX",NA
"1832","COPS28XX",NA
"1832","COPS29XX",NA
"1832","COPS30XX",NA
"1832","COPS31XX",NA
"1832","COPS32AX",NA
"1832","COPS33XX",NA
"1832","COPS34XX",NA
"1832","COPS35XX",NA
"1832","COPS36AX",NA
"1832","COPS37XX",NA
"1832","COPS38XX",NA
"1833","COPS01XX",NA
"1833","COPS02XX",NA
"1833","COPS03AX",NA
"1833","COPS05XX",NA
"1833","COPS06XX",NA
"1833","COPS07XX",NA
"1833","COPS08XX",NA
"1833","COPS09XX",NA
"1833","COPS10XX",NA
"1833","COPS11XX",NA
"1833","COPS12XX",2.14
"1833","COPS13XX",NA
"1833","COPS14XX",NA
"1833","COPS15XX",NA
"1833","COPS16XX",NA
"1833","COPS17XX",0.31
"1833","COPS18XX",0.11
"1833","COPS19XX",0.38
"1833","COPS20XX",NA
"1833","COPS21XX",NA
"1833","COPS22XX",0.12
"1833","COPS23XX",NA
"1833","COPS25AX",NA
"1833","COPS26AX",NA
"1833","COPS27XX",NA
"1833","COPS28XX",NA
"1833","COPS29XX",NA
"1833","COPS30XX",NA
"1833","COPS31XX",NA
"1833","COPS32AX",NA
"1833","COPS33XX",NA
"1833","COPS34XX",NA
"1833","COPS35XX",NA
"1833","COPS36AX",NA
"1833","COPS37XX",NA
"1833","COPS38XX",NA
"1834","COPS01XX",NA
"1834","COPS02XX",NA
"1834","COPS03AX",NA
"1834","COPS05XX",NA
"1834","COPS06XX",NA
"1834","COPS07XX",NA
"1834","COPS08XX",NA
"1834","COPS09XX",NA
"1834","COPS10XX",NA
"1834","COPS11XX",NA
"1834","COPS12XX",1.01
"1834","COPS13XX",NA
"1834","COPS14XX",NA
"1834","COPS15XX",NA
"1834","COPS16XX",NA
"1834","COPS17XX",0.27
"1834","COPS18XX",0.19
"1834","COPS19XX",0.74
"1834","COPS20XX",NA
"1834","COPS21XX",NA
"1834","COPS22XX",0.19
"1834","COPS23XX",NA
"1834","COPS25AX",NA
"1834","COPS26AX",NA
"1834","COPS27XX",NA
"1834","COPS28XX",NA
"1834","COPS29XX",NA
"1834","COPS30XX",NA
"1834","COPS31XX",NA
"1834","COPS32AX",NA
"1834","COPS33XX",NA
"1834","COPS34XX",NA
"1834","COPS35XX",NA
"1834","COPS36AX",NA
"1834","COPS37XX",NA
"1834","COPS38XX",NA
"1835","COPS01XX",NA
"1835","COPS02XX",NA
"1835","COPS03AX",NA
"1835","COPS05XX",NA
"1835","COPS06XX",NA
"1835","COPS07XX",NA
"1835","COPS08XX",NA
"1835","COPS09XX",NA
"1835","COPS10XX",NA
"1835","COPS11XX",NA
"1835","COPS12XX",0.75
"1835","COPS13XX",NA
"1835","COPS14XX",NA
"1835","COPS15XX",NA
"1835","COPS16XX",NA
"1835","COPS17XX",0.18
"1835","COPS18XX",0.41
"1835","COPS19XX",0.56
"1835","COPS20XX",NA
"1835","COPS21XX",NA
"1835","COPS22XX",0.23
"1835","COPS23XX",NA
"1835","COPS25AX",NA
"1835","COPS26AX",NA
"1835","COPS27XX",NA
"1835","COPS28XX",NA
"1835","COPS29XX",NA
"1835","COPS30XX",NA
"1835","COPS31XX",NA
"1835","COPS32AX",NA
"1835","COPS33XX",NA
"1835","COPS34XX",NA
"1835","COPS35XX",NA
"1835","COPS36AX",NA
"1835","COPS37XX",NA
"1835","COPS38XX",NA
"1836","COPS01XX",NA
"1836","COPS02XX",NA
"1836","COPS03AX",NA
"1836","COPS05XX",NA
"1836","COPS06XX",NA
"1836","COPS07XX",NA
"1836","COPS08XX",NA
"1836","COPS09XX",NA
"1836","COPS10XX",NA
"1836","COPS11XX",NA
"1836","COPS12XX",0.74
"1836","COPS13XX",NA
"1836","COPS14XX",NA
"1836","COPS15XX",NA
"1836","COPS16XX",NA
"1836","COPS17XX",0.3
"1836","COPS18XX",0.51
"1836","COPS19XX",0.6
"1836","COPS20XX",NA
"1836","COPS21XX",NA
"1836","COPS22XX",0.41
"1836","COPS23XX",NA
"1836","COPS25AX",NA
"1836","COPS26AX",NA
"1836","COPS27XX",0.77
"1836","COPS28XX",NA
"1836","COPS29XX",NA
"1836","COPS30XX",NA
"1836","COPS31XX",NA
"1836","COPS32AX",NA
"1836","COPS33XX",NA
"1836","COPS34XX",NA
"1836","COPS35XX",NA
"1836","COPS36AX",NA
"1836","COPS37XX",NA
"1836","COPS38XX",NA
"1837","COPS01XX",NA
"1837","COPS02XX",NA
"1837","COPS03AX",NA
"1837","COPS05XX",NA
"1837","COPS06XX",NA
"1837","COPS07XX",NA
"1837","COPS08XX",NA
"1837","COPS09XX",NA
"1837","COPS10XX",NA
"1837","COPS11XX",NA
"1837","COPS12XX",0.62
"1837","COPS13XX",NA
"1837","COPS14XX",NA
"1837","COPS15XX",NA
"1837","COPS16XX",NA
"1837","COPS17XX",0.12
"1837","COPS18XX",0.18
"1837","COPS19XX",0.48
"1837","COPS20XX",NA
"1837","COPS21XX",NA
"1837","COPS22XX",0.21
"1837","COPS23XX",NA
"1837","COPS25AX",NA
"1837","COPS26AX",NA
"1837","COPS27XX",0.39
"1837","COPS28XX",NA
"1837","COPS29XX",NA
"1837","COPS30XX",NA
"1837","COPS31XX",NA
"1837","COPS32AX",NA
"1837","COPS33XX",NA
"1837","COPS34XX",NA
"1837","COPS35XX",NA
"1837","COPS36AX",NA
"1837","COPS37XX",NA
"1837","COPS38XX",NA
"1838","COPS01XX",NA
"1838","COPS02XX",NA
"1838","COPS03AX",NA
"1838","COPS05XX",NA
"1838","COPS06XX",NA
"1838","COPS07XX",2.38
"1838","COPS08XX",NA
"1838","COPS09XX",NA
"1838","COPS10XX",NA
"1838","COPS11XX",NA
"1838","COPS12XX",0.55
"1838","COPS13XX",NA
"1838","COPS14XX",NA
"1838","COPS15XX",NA
"1838","COPS16XX",NA
"1838","COPS17XX",0.11
"1838","COPS18XX",0.31
"1838","COPS19XX",0.76
"1838","COPS20XX",NA
"1838","COPS21XX",NA
"1838","COPS22XX",0.26
"1838","COPS23XX",NA
"1838","COPS25AX",NA
"1838","COPS26AX",NA
"1838","COPS27XX",0.56
"1838","COPS28XX",NA
"1838","COPS29XX",NA
"1838","COPS30XX",NA
"1838","COPS31XX",NA
"1838","COPS32AX",NA
"1838","COPS33XX",NA
"1838","COPS34XX",NA
"1838","COPS35XX",NA
"1838","COPS36AX",NA
"1838","COPS37XX",NA
"1838","COPS38XX",NA
"1839","COPS01XX",NA
"1839","COPS02XX",NA
"1839","COPS03AX",NA
"1839","COPS05XX",NA
"1839","COPS06XX",NA
"1839","COPS07XX",2.44
"1839","COPS08XX",NA
"1839","COPS09XX",NA
"1839","COPS10XX",NA
"1839","COPS11XX",NA
"1839","COPS12XX",1.2
"1839","COPS13XX",NA
"1839","COPS14XX",NA
"1839","COPS15XX",NA
"1839","COPS16XX",NA
"1839","COPS17XX",0.19
"1839","COPS18XX",0.3
"1839","COPS19XX",0.65
"1839","COPS20XX",NA
"1839","COPS21XX",NA
"1839","COPS22XX",0.26
"1839","COPS23XX",NA
"1839","COPS25AX",NA
"1839","COPS26AX",NA
"1839","COPS27XX",0.47
"1839","COPS28XX",NA
"1839","COPS29XX",NA
"1839","COPS30XX",NA
"1839","COPS31XX",NA
"1839","COPS32AX",NA
"1839","COPS33XX",NA
"1839","COPS34XX",NA
"1839","COPS35XX",NA
"1839","COPS36AX",NA
"1839","COPS37XX",NA
"1839","COPS38XX",NA
"1840","COPS01XX",NA
"1840","COPS02XX",NA
"1840","COPS03AX",NA
"1840","COPS05XX",NA
"1840","COPS06XX",NA
"1840","COPS07XX",3.07
"1840","COPS08XX",NA
"1840","COPS09XX",NA
"1840","COPS10XX",NA
"1840","COPS11XX",NA
"1840","COPS12XX",0.97
"1840","COPS13XX",NA
"1840","COPS14XX",NA
"1840","COPS15XX",NA
"1840","COPS16XX",NA
"1840","COPS17XX",0.17
"1840","COPS18XX",0.39
"1840","COPS19XX",0.73
"1840","COPS20XX",NA
"1840","COPS21XX",NA
"1840","COPS22XX",0.35
"1840","COPS23XX",NA
"1840","COPS25AX",NA
"1840","COPS26AX",NA
"1840","COPS27XX",0.62
"1840","COPS28XX",NA
"1840","COPS29XX",NA
"1840","COPS30XX",NA
"1840","COPS31XX",NA
"1840","COPS32AX",NA
"1840","COPS33XX",NA
"1840","COPS34XX",NA
"1840","COPS35XX",NA
"1840","COPS36AX",NA
"1840","COPS37XX",NA
"1840","COPS38XX",NA
"1841","COPS01XX",NA
"1841","COPS02XX",NA
"1841","COPS03AX",NA
"1841","COPS05XX",NA
"1841","COPS06XX",NA
"1841","COPS07XX",2.78
"1841","COPS08XX",NA
"1841","COPS09XX",NA
"1841","COPS10XX",NA
"1841","COPS11XX",NA
"1841","COPS12XX",1.64
"1841","COPS13XX",NA
"1841","COPS14XX",NA
"1841","COPS15XX",NA
"1841","COPS16XX",NA
"1841","COPS17XX",0.13
"1841","COPS18XX",0.67
"1841","COPS19XX",0.97
"1841","COPS20XX",NA
"1841","COPS21XX",NA
"1841","COPS22XX",0.41
"1841","COPS23XX",NA
"1841","COPS25AX",NA
"1841","COPS26AX",NA
"1841","COPS27XX",0.8
"1841","COPS28XX",NA
"1841","COPS29XX",NA
"1841","COPS30XX",NA
"1841","COPS31XX",NA
"1841","COPS32AX",NA
"1841","COPS33XX",NA
"1841","COPS34XX",NA
"1841","COPS35XX",NA
"1841","COPS36AX",NA
"1841","COPS37XX",NA
"1841","COPS38XX",NA
"1842","COPS01XX",NA
"1842","COPS02XX",NA
"1842","COPS03AX",NA
"1842","COPS05XX",NA
"1842","COPS06XX",NA
"1842","COPS07XX",1.58
"1842","COPS08XX",NA
"1842","COPS09XX",NA
"1842","COPS10XX",NA
"1842","COPS11XX",NA
"1842","COPS12XX",0.88
"1842","COPS13XX",NA
"1842","COPS14XX",NA
"1842","COPS15XX",NA
"1842","COPS16XX",NA
"1842","COPS17XX",0.13
"1842","COPS18XX",0.27
"1842","COPS19XX",0.48
"1842","COPS20XX",NA
"1842","COPS21XX",NA
"1842","COPS22XX",0.12
"1842","COPS23XX",NA
"1842","COPS25AX",NA
"1842","COPS26AX",NA
"1842","COPS27XX",0.51
"1842","COPS28XX",NA
"1842","COPS29XX",NA
"1842","COPS30XX",NA
"1842","COPS31XX",NA
"1842","COPS32AX",NA
"1842","COPS33XX",NA
"1842","COPS34XX",NA
"1842","COPS35XX",NA
"1842","COPS36AX",NA
"1842","COPS37XX",NA
"1842","COPS38XX",NA
"1843","COPS01XX",NA
"1843","COPS02XX",NA
"1843","COPS03AX",NA
"1843","COPS05XX",NA
"1843","COPS06XX",NA
"1843","COPS07XX",1.93
"1843","COPS08XX",NA
"1843","COPS09XX",NA
"1843","COPS10XX",NA
"1843","COPS11XX",NA
"1843","COPS12XX",2.43
"1843","COPS13XX",NA
"1843","COPS14XX",NA
"1843","COPS15XX",NA
"1843","COPS16XX",NA
"1843","COPS17XX",0.57
"1843","COPS18XX",0.62
"1843","COPS19XX",0.91
"1843","COPS20XX",NA
"1843","COPS21XX",NA
"1843","COPS22XX",0.48
"1843","COPS23XX",NA
"1843","COPS25AX",NA
"1843","COPS26AX",NA
"1843","COPS27XX",1.04
"1843","COPS28XX",NA
"1843","COPS29XX",NA
"1843","COPS30XX",NA
"1843","COPS31XX",NA
"1843","COPS32AX",NA
"1843","COPS33XX",NA
"1843","COPS34XX",NA
"1843","COPS35XX",NA
"1843","COPS36AX",NA
"1843","COPS37XX",NA
"1843","COPS38XX",NA
"1844","COPS01XX",NA
"1844","COPS02XX",NA
"1844","COPS03AX",NA
"1844","COPS05XX",NA
"1844","COPS06XX",NA
"1844","COPS07XX",1.37
"1844","COPS08XX",NA
"1844","COPS09XX",NA
"1844","COPS10XX",NA
"1844","COPS11XX",NA
"1844","COPS12XX",1.96
"1844","COPS13XX",NA
"1844","COPS14XX",NA
"1844","COPS15XX",NA
"1844","COPS16XX",NA
"1844","COPS17XX",0.57
"1844","COPS18XX",1.14
"1844","COPS19XX",0.75
"1844","COPS20XX",NA
"1844","COPS21XX",NA
"1844","COPS22XX",0.38
"1844","COPS23XX",NA
"1844","COPS25AX",NA
"1844","COPS26AX",NA
"1844","COPS27XX",1.23
"1844","COPS28XX",NA
"1844","COPS29XX",NA
"1844","COPS30XX",NA
"1844","COPS31XX",NA
"1844","COPS32AX",NA
"1844","COPS33XX",NA
"1844","COPS34XX",NA
"1844","COPS35XX",NA
"1844","COPS36AX",NA
"1844","COPS37XX",NA
"1844","COPS38XX",NA
"1845","COPS01XX",NA
"1845","COPS02XX",NA
"1845","COPS03AX",NA
"1845","COPS05XX",NA
"1845","COPS06XX",NA
"1845","COPS07XX",1.13
"1845","COPS08XX",NA
"1845","COPS09XX",NA
"1845","COPS10XX",NA
"1845","COPS11XX",NA
"1845","COPS12XX",2.04
"1845","COPS13XX",NA
"1845","COPS14XX",NA
"1845","COPS15XX",NA
"1845","COPS16XX",NA
"1845","COPS17XX",0.73
"1845","COPS18XX",1.16
"1845","COPS19XX",1.13
"1845","COPS20XX",NA
"1845","COPS21XX",NA
"1845","COPS22XX",0.88
"1845","COPS23XX",0.99
"1845","COPS25AX",NA
"1845","COPS26AX",NA
"1845","COPS27XX",2.49
"1845","COPS28XX",NA
"1845","COPS29XX",NA
"1845","COPS30XX",NA
"1845","COPS31XX",NA
"1845","COPS32AX",NA
"1845","COPS33XX",NA
"1845","COPS34XX",NA
"1845","COPS35XX",NA
"1845","COPS36AX",NA
"1845","COPS37XX",NA
"1845","COPS38XX",NA
"1846","COPS01XX",NA
"1846","COPS02XX",NA
"1846","COPS03AX",NA
"1846","COPS05XX",NA
"1846","COPS06XX",NA
"1846","COPS07XX",0.79
"1846","COPS08XX",NA
"1846","COPS09XX",NA
"1846","COPS10XX",NA
"1846","COPS11XX",NA
"1846","COPS12XX",2.01
"1846","COPS13XX",NA
"1846","COPS14XX",NA
"1846","COPS15XX",NA
"1846","COPS16XX",NA
"1846","COPS17XX",1.03
"1846","COPS18XX",1.13
"1846","COPS19XX",0.93
"1846","COPS20XX",NA
"1846","COPS21XX",NA
"1846","COPS22XX",0.67
"1846","COPS23XX",1.35
"1846","COPS25AX",NA
"1846","COPS26AX",NA
"1846","COPS27XX",2.44
"1846","COPS28XX",NA
"1846","COPS29XX",NA
"1846","COPS30XX",NA
"1846","COPS31XX",NA
"1846","COPS32AX",NA
"1846","COPS33XX",NA
"1846","COPS34XX",NA
"1846","COPS35XX",NA
"1846","COPS36AX",NA
"1846","COPS37XX",NA
"1846","COPS38XX",NA
"1847","COPS01XX",NA
"1847","COPS02XX",NA
"1847","COPS03AX",NA
"1847","COPS05XX",NA
"1847","COPS06XX",NA
"1847","COPS07XX",1.13
"1847","COPS08XX",NA
"1847","COPS09XX",NA
"1847","COPS10XX",NA
"1847","COPS11XX",NA
"1847","COPS12XX",1.75
"1847","COPS13XX",NA
"1847","COPS14XX",NA
"1847","COPS15XX",NA
"1847","COPS16XX",NA
"1847","COPS17XX",0.6
"1847","COPS18XX",1.98
"1847","COPS19XX",1.16
"1847","COPS20XX",NA
"1847","COPS21XX",NA
"1847","COPS22XX",1.05
"1847","COPS23XX",0.9
"1847","COPS25AX",NA
"1847","COPS26AX",NA
"1847","COPS27XX",3.26
"1847","COPS28XX",NA
"1847","COPS29XX",NA
"1847","COPS30XX",NA
"1847","COPS31XX",NA
"1847","COPS32AX",NA
"1847","COPS33XX",NA
"1847","COPS34XX",1.14
"1847","COPS35XX",NA
"1847","COPS36AX",NA
"1847","COPS37XX",NA
"1847","COPS38XX",NA
"1848","COPS01XX",NA
"1848","COPS02XX",NA
"1848","COPS03AX",NA
"1848","COPS05XX",NA
"1848","COPS06XX",NA
"1848","COPS07XX",1.06
"1848","COPS08XX",NA
"1848","COPS09XX",NA
"1848","COPS10XX",NA
"1848","COPS11XX",NA
"1848","COPS12XX",1.89
"1848","COPS13XX",NA
"1848","COPS14XX",NA
"1848","COPS15XX",NA
"1848","COPS16XX",NA
"1848","COPS17XX",0.64
"1848","COPS18XX",1.5
"1848","COPS19XX",1.27
"1848","COPS20XX",NA
"1848","COPS21XX",NA
"1848","COPS22XX",1.24
"1848","COPS23XX",1.25
"1848","COPS25AX",NA
"1848","COPS26AX",NA
"1848","COPS27XX",2.94
"1848","COPS28XX",NA
"1848","COPS29XX",NA
"1848","COPS30XX",NA
"1848","COPS31XX",NA
"1848","COPS32AX",NA
"1848","COPS33XX",NA
"1848","COPS34XX",0.6
"1848","COPS35XX",NA
"1848","COPS36AX",NA
"1848","COPS37XX",NA
"1848","COPS38XX",NA
"1849","COPS01XX",NA
"1849","COPS02XX",NA
"1849","COPS03AX",NA
"1849","COPS05XX",NA
"1849","COPS06XX",NA
"1849","COPS07XX",0.24
"1849","COPS08XX",NA
"1849","COPS09XX",NA
"1849","COPS10XX",NA
"1849","COPS11XX",NA
"1849","COPS12XX",0.88
"1849","COPS13XX",NA
"1849","COPS14XX",NA
"1849","COPS15XX",NA
"1849","COPS16XX",NA
"1849","COPS17XX",0.3
"1849","COPS18XX",0.5
"1849","COPS19XX",0.41
"1849","COPS20XX",NA
"1849","COPS21XX",NA
"1849","COPS22XX",0.19
"1849","COPS23XX",0.27
"1849","COPS25AX",NA
"1849","COPS26AX",NA
"1849","COPS27XX",0.84
"1849","COPS28XX",NA
"1849","COPS29XX",NA
"1849","COPS30XX",NA
"1849","COPS31XX",NA
"1849","COPS32AX",NA
"1849","COPS33XX",NA
"1849","COPS34XX",0.48
"1849","COPS35XX",NA
"1849","COPS36AX",NA
"1849","COPS37XX",NA
"1849","COPS38XX",NA
"1850","COPS01XX",NA
"1850","COPS02XX",NA
"1850","COPS03AX",NA
"1850","COPS05XX",NA
"1850","COPS06XX",NA
"1850","COPS07XX",0.23
"1850","COPS08XX",NA
"1850","COPS09XX",NA
"1850","COPS10XX",NA
"1850","COPS11XX",NA
"1850","COPS12XX",0.81
"1850","COPS13XX",NA
"1850","COPS14XX",NA
"1850","COPS15XX",NA
"1850","COPS16XX",NA
"1850","COPS17XX",0.27
"1850","COPS18XX",0.54
"1850","COPS19XX",0.49
"1850","COPS20XX",NA
"1850","COPS21XX",NA
"1850","COPS22XX",0.39
"1850","COPS23XX",0.31
"1850","COPS25AX",NA
"1850","COPS26AX",NA
"1850","COPS27XX",1.21
"1850","COPS28XX",NA
"1850","COPS29XX",NA
"1850","COPS30XX",NA
"1850","COPS31XX",NA
"1850","COPS32AX",NA
"1850","COPS33XX",NA
"1850","COPS34XX",0.62
"1850","COPS35XX",NA
"1850","COPS36AX",NA
"1850","COPS37XX",NA
"1850","COPS38XX",NA
"1851","COPS01XX",NA
"1851","COPS02XX",NA
"1851","COPS03AX",NA
"1851","COPS05XX",NA
"1851","COPS06XX",NA
"1851","COPS07XX",0.34
"1851","COPS08XX",NA
"1851","COPS09XX",NA
"1851","COPS10XX",NA
"1851","COPS11XX",NA
"1851","COPS12XX",0.78
"1851","COPS13XX",NA
"1851","COPS14XX",NA
"1851","COPS15XX",NA
"1851","COPS16XX",NA
"1851","COPS17XX",0.46
"1851","COPS18XX",0.54
"1851","COPS19XX",0.36
"1851","COPS20XX",NA
"1851","COPS21XX",NA
"1851","COPS22XX",0.67
"1851","COPS23XX",0.53
"1851","COPS25AX",NA
"1851","COPS26AX",NA
"1851","COPS27XX",0.84
"1851","COPS28XX",NA
"1851","COPS29XX",NA
"1851","COPS30XX",NA
"1851","COPS31XX",NA
"1851","COPS32AX",NA
"1851","COPS33XX",NA
"1851","COPS34XX",0.96
"1851","COPS35XX",NA
"1851","COPS36AX",NA
"1851","COPS37XX",NA
"1851","COPS38XX",NA
"1852","COPS01XX",NA
"1852","COPS02XX",NA
"1852","COPS03AX",NA
"1852","COPS05XX",NA
"1852","COPS06XX",NA
"1852","COPS07XX",0.56
"1852","COPS08XX",NA
"1852","COPS09XX",NA
"1852","COPS10XX",NA
"1852","COPS11XX",NA
"1852","COPS12XX",1.1
"1852","COPS13XX",NA
"1852","COPS14XX",NA
"1852","COPS15XX",NA
"1852","COPS16XX",NA
"1852","COPS17XX",0.58
"1852","COPS18XX",1.03
"1852","COPS19XX",0.39
"1852","COPS20XX",NA
"1852","COPS21XX",NA
"1852","COPS22XX",0.65
"1852","COPS23XX",0.65
"1852","COPS25AX",NA
"1852","COPS26AX",NA
"1852","COPS27XX",0.94
"1852","COPS28XX",NA
"1852","COPS29XX",NA
"1852","COPS30XX",NA
"1852","COPS31XX",NA
"1852","COPS32AX",NA
"1852","COPS33XX",NA
"1852","COPS34XX",1.17
"1852","COPS35XX",NA
"1852","COPS36AX",NA
"1852","COPS37XX",NA
"1852","COPS38XX",NA
"1853","COPS01XX",NA
"1853","COPS02XX",NA
"1853","COPS03AX",NA
"1853","COPS05XX",NA
"1853","COPS06XX",NA
"1853","COPS07XX",0.49
"1853","COPS08XX",NA
"1853","COPS09XX",NA
"1853","COPS10XX",NA
"1853","COPS11XX",NA
"1853","COPS12XX",1.25
"1853","COPS13XX",NA
"1853","COPS14XX",NA
"1853","COPS15XX",NA
"1853","COPS16XX",NA
"1853","COPS17XX",0.63
"1853","COPS18XX",1.35
"1853","COPS19XX",0.36
"1853","COPS20XX",NA
"1853","COPS21XX",NA
"1853","COPS22XX",0.82
"1853","COPS23XX",0.98
"1853","COPS25AX",NA
"1853","COPS26AX",NA
"1853","COPS27XX",1.02
"1853","COPS28XX",NA
"1853","COPS29XX",NA
"1853","COPS30XX",NA
"1853","COPS31XX",NA
"1853","COPS32AX",NA
"1853","COPS33XX",NA
"1853","COPS34XX",1.41
"1853","COPS35XX",NA
"1853","COPS36AX",NA
"1853","COPS37XX",NA
"1853","COPS38XX",NA
"1854","COPS01XX",NA
"1854","COPS02XX",NA
"1854","COPS03AX",NA
"1854","COPS05XX",NA
"1854","COPS06XX",NA
"1854","COPS07XX",0.5
"1854","COPS08XX",NA
"1854","COPS09XX",NA
"1854","COPS10XX",NA
"1854","COPS11XX",NA
"1854","COPS12XX",1.63
"1854","COPS13XX",NA
"1854","COPS14XX",NA
"1854","COPS15XX",NA
"1854","COPS16XX",NA
"1854","COPS17XX",0.66
"1854","COPS18XX",1.35
"1854","COPS19XX",0.94
"1854","COPS20XX",NA
"1854","COPS21XX",NA
"1854","COPS22XX",0.44
"1854","COPS23XX",0.73
"1854","COPS25AX",NA
"1854","COPS26AX",NA
"1854","COPS27XX",0.5
"1854","COPS28XX",NA
"1854","COPS29XX",NA
"1854","COPS30XX",NA
"1854","COPS31XX",NA
"1854","COPS32AX",NA
"1854","COPS33XX",NA
"1854","COPS34XX",2.07
"1854","COPS35XX",NA
"1854","COPS36AX",NA
"1854","COPS37XX",NA
"1854","COPS38XX",NA
"1855","COPS01XX",NA
"1855","COPS02XX",NA
"1855","COPS03AX",NA
"1855","COPS05XX",NA
"1855","COPS06XX",NA
"1855","COPS07XX",0.41
"1855","COPS08XX",NA
"1855","COPS09XX",NA
"1855","COPS10XX",NA
"1855","COPS11XX",NA
"1855","COPS12XX",0.9
"1855","COPS13XX",NA
"1855","COPS14XX",NA
"1855","COPS15XX",NA
"1855","COPS16XX",NA
"1855","COPS17XX",0.93
"1855","COPS18XX",1.09
"1855","COPS19XX",0.75
"1855","COPS20XX",NA
"1855","COPS21XX",NA
"1855","COPS22XX",0.52
"1855","COPS23XX",0.83
"1855","COPS25AX",NA
"1855","COPS26AX",NA
"1855","COPS27XX",0.63
"1855","COPS28XX",NA
"1855","COPS29XX",NA
"1855","COPS30XX",NA
"1855","COPS31XX",NA
"1855","COPS32AX",NA
"1855","COPS33XX",NA
"1855","COPS34XX",1.67
"1855","COPS35XX",NA
"1855","COPS36AX",NA
"1855","COPS37XX",1.92
"1855","COPS38XX",NA
"1856","COPS01XX",NA
"1856","COPS02XX",NA
"1856","COPS03AX",NA
"1856","COPS05XX",NA
"1856","COPS06XX",NA
"1856","COPS07XX",0.63
"1856","COPS08XX",NA
"1856","COPS09XX",NA
"1856","COPS10XX",NA
"1856","COPS11XX",NA
"1856","COPS12XX",1.38
"1856","COPS13XX",NA
"1856","COPS14XX",NA
"1856","COPS15XX",NA
"1856","COPS16XX",NA
"1856","COPS17XX",1.24
"1856","COPS18XX",1.4
"1856","COPS19XX",1.25
"1856","COPS20XX",NA
"1856","COPS21XX",NA
"1856","COPS22XX",1.26
"1856","COPS23XX",0.93
"1856","COPS25AX",NA
"1856","COPS26AX",NA
"1856","COPS27XX",1.2
"1856","COPS28XX",NA
"1856","COPS29XX",NA
"1856","COPS30XX",NA
"1856","COPS31XX",NA
"1856","COPS32AX",NA
"1856","COPS33XX",NA
"1856","COPS34XX",1.53
"1856","COPS35XX",NA
"1856","COPS36AX",NA
"1856","COPS37XX",1.62
"1856","COPS38XX",NA
"1857","COPS01XX",NA
"1857","COPS02XX",NA
"1857","COPS03AX",NA
"1857","COPS05XX",NA
"1857","COPS06XX",NA
"1857","COPS07XX",0.44
"1857","COPS08XX",NA
"1857","COPS09XX",NA
"1857","COPS10XX",NA
"1857","COPS11XX",NA
"1857","COPS12XX",1.4
"1857","COPS13XX",NA
"1857","COPS14XX",NA
"1857","COPS15XX",NA
"1857","COPS16XX",NA
"1857","COPS17XX",0.72
"1857","COPS18XX",0.74
"1857","COPS19XX",0.7
"1857","COPS20XX",NA
"1857","COPS21XX",NA
"1857","COPS22XX",0.38
"1857","COPS23XX",0.74
"1857","COPS25AX",NA
"1857","COPS26AX",NA
"1857","COPS27XX",0.68
"1857","COPS28XX",NA
"1857","COPS29XX",NA
"1857","COPS30XX",NA
"1857","COPS31XX",NA
"1857","COPS32AX",NA
"1857","COPS33XX",NA
"1857","COPS34XX",0.97
"1857","COPS35XX",NA
"1857","COPS36AX",NA
"1857","COPS37XX",1.28
"1857","COPS38XX",NA
"1858","COPS01XX",NA
"1858","COPS02XX",2.16
"1858","COPS03AX",NA
"1858","COPS05XX",NA
"1858","COPS06XX",NA
"1858","COPS07XX",0.47
"1858","COPS08XX",NA
"1858","COPS09XX",NA
"1858","COPS10XX",NA
"1858","COPS11XX",NA
"1858","COPS12XX",1.15
"1858","COPS13XX",NA
"1858","COPS14XX",NA
"1858","COPS15XX",NA
"1858","COPS16XX",NA
"1858","COPS17XX",0.74
"1858","COPS18XX",0.71
"1858","COPS19XX",0.68
"1858","COPS20XX",NA
"1858","COPS21XX",NA
"1858","COPS22XX",0.35
"1858","COPS23XX",0.57
"1858","COPS25AX",NA
"1858","COPS26AX",NA
"1858","COPS27XX",0.57
"1858","COPS28XX",NA
"1858","COPS29XX",NA
"1858","COPS30XX",NA
"1858","COPS31XX",NA
"1858","COPS32AX",NA
"1858","COPS33XX",NA
"1858","COPS34XX",0.48
"1858","COPS35XX",NA
"1858","COPS36AX",NA
"1858","COPS37XX",1.38
"1858","COPS38XX",NA
"1859","COPS01XX",NA
"1859","COPS02XX",2.02
"1859","COPS03AX",NA
"1859","COPS05XX",NA
"1859","COPS06XX",NA
"1859","COPS07XX",0.63
"1859","COPS08XX",NA
"1859","COPS09XX",1.09
"1859","COPS10XX",NA
"1859","COPS11XX",NA
"1859","COPS12XX",0.99
"1859","COPS13XX",NA
"1859","COPS14XX",NA
"1859","COPS15XX",NA
"1859","COPS16XX",NA
"1859","COPS17XX",0.62
"1859","COPS18XX",0.84
"1859","COPS19XX",0.42
"1859","COPS20XX",NA
"1859","COPS21XX",NA
"1859","COPS22XX",0.41
"1859","COPS23XX",0.61
"1859","COPS25AX",NA
"1859","COPS26AX",NA
"1859","COPS27XX",0.59
"1859","COPS28XX",NA
"1859","COPS29XX",NA
"1859","COPS30XX",NA
"1859","COPS31XX",NA
"1859","COPS32AX",NA
"1859","COPS33XX",NA
"1859","COPS34XX",1.2
"1859","COPS35XX",NA
"1859","COPS36AX",NA
"1859","COPS37XX",1.42
"1859","COPS38XX",NA
"1860","COPS01XX",NA
"1860","COPS02XX",1.99
"1860","COPS03AX",NA
"1860","COPS05XX",NA
"1860","COPS06XX",NA
"1860","COPS07XX",0.54
"1860","COPS08XX",NA
"1860","COPS09XX",0.68
"1860","COPS10XX",NA
"1860","COPS11XX",NA
"1860","COPS12XX",0.73
"1860","COPS13XX",NA
"1860","COPS14XX",NA
"1860","COPS15XX",NA
"1860","COPS16XX",NA
"1860","COPS17XX",0.66
"1860","COPS18XX",0.41
"1860","COPS19XX",0.43
"1860","COPS20XX",NA
"1860","COPS21XX",NA
"1860","COPS22XX",0.44
"1860","COPS23XX",0.79
"1860","COPS25AX",NA
"1860","COPS26AX",NA
"1860","COPS27XX",0.35
"1860","COPS28XX",NA
"1860","COPS29XX",NA
"1860","COPS30XX",NA
"1860","COPS31XX",NA
"1860","COPS32AX",NA
"1860","COPS33XX",NA
"1860","COPS34XX",1.27
"1860","COPS35XX",0.26
"1860","COPS36AX",NA
"1860","COPS37XX",1.11
"1860","COPS38XX",NA
"1861","COPS01XX",NA
"1861","COPS02XX",2.17
"1861","COPS03AX",NA
"1861","COPS05XX",NA
"1861","COPS06XX",NA
"1861","COPS07XX",0.47
"1861","COPS08XX",NA
"1861","COPS09XX",0.86
"1861","COPS10XX",NA
"1861","COPS11XX",NA
"1861","COPS12XX",0.98
"1861","COPS13XX",NA
"1861","COPS14XX",NA
"1861","COPS15XX",NA
"1861","COPS16XX",NA
"1861","COPS17XX",1.17
"1861","COPS18XX",0.79
"1861","COPS19XX",0.5
"1861","COPS20XX",NA
"1861","COPS21XX",NA
"1861","COPS22XX",1.79
"1861","COPS23XX",1.22
"1861","COPS25AX",NA
"1861","COPS26AX",NA
"1861","COPS27XX",0.87
"1861","COPS28XX",NA
"1861","COPS29XX",NA
"1861","COPS30XX",NA
"1861","COPS31XX",NA
"1861","COPS32AX",NA
"1861","COPS33XX",NA
"1861","COPS34XX",0.94
"1861","COPS35XX",0.4
"1861","COPS36AX",NA
"1861","COPS37XX",2.1
"1861","COPS38XX",NA
"1862","COPS01XX",NA
"1862","COPS02XX",2.04
"1862","COPS03AX",NA
"1862","COPS05XX",NA
"1862","COPS06XX",NA
"1862","COPS07XX",0.59
"1862","COPS08XX",NA
"1862","COPS09XX",0.88
"1862","COPS10XX",NA
"1862","COPS11XX",NA
"1862","COPS12XX",1.05
"1862","COPS13XX",NA
"1862","COPS14XX",NA
"1862","COPS15XX",NA
"1862","COPS16XX",2.33
"1862","COPS17XX",0.72
"1862","COPS18XX",0.92
"1862","COPS19XX",0.52
"1862","COPS20XX",NA
"1862","COPS21XX",NA
"1862","COPS22XX",3.34
"1862","COPS23XX",0.44
"1862","COPS25AX",NA
"1862","COPS26AX",NA
"1862","COPS27XX",0.53
"1862","COPS28XX",NA
"1862","COPS29XX",NA
"1862","COPS30XX",NA
"1862","COPS31XX",NA
"1862","COPS32AX",NA
"1862","COPS33XX",NA
"1862","COPS34XX",0.92
"1862","COPS35XX",0.6
"1862","COPS36AX",NA
"1862","COPS37XX",1.81
"1862","COPS38XX",NA
"1863","COPS01XX",NA
"1863","COPS02XX",1.47
"1863","COPS03AX",NA
"1863","COPS05XX",NA
"1863","COPS06XX",NA
"1863","COPS07XX",0.39
"1863","COPS08XX",NA
"1863","COPS09XX",0.8
"1863","COPS10XX",NA
"1863","COPS11XX",NA
"1863","COPS12XX",0.63
"1863","COPS13XX",NA
"1863","COPS14XX",NA
"1863","COPS15XX",NA
"1863","COPS16XX",2.46
"1863","COPS17XX",0.8
"1863","COPS18XX",0.63
"1863","COPS19XX",0.33
"1863","COPS20XX",NA
"1863","COPS21XX",NA
"1863","COPS22XX",2.54
"1863","COPS23XX",0.26
"1863","COPS25AX",NA
"1863","COPS26AX",NA
"1863","COPS27XX",0.72
"1863","COPS28XX",NA
"1863","COPS29XX",NA
"1863","COPS30XX",NA
"1863","COPS31XX",NA
"1863","COPS32AX",NA
"1863","COPS33XX",NA
"1863","COPS34XX",1.21
"1863","COPS35XX",0.81
"1863","COPS36AX",NA
"1863","COPS37XX",1.96
"1863","COPS38XX",2.12
"1864","COPS01XX",NA
"1864","COPS02XX",1.43
"1864","COPS03AX",NA
"1864","COPS05XX",NA
"1864","COPS06XX",NA
"1864","COPS07XX",0.25
"1864","COPS08XX",NA
"1864","COPS09XX",1.4
"1864","COPS10XX",NA
"1864","COPS11XX",NA
"1864","COPS12XX",0.66
"1864","COPS13XX",NA
"1864","COPS14XX",NA
"1864","COPS15XX",NA
"1864","COPS16XX",2.04
"1864","COPS17XX",0.55
"1864","COPS18XX",0.71
"1864","COPS19XX",0.4
"1864","COPS20XX",NA
"1864","COPS21XX",NA
"1864","COPS22XX",1.63
"1864","COPS23XX",0.23
"1864","COPS25AX",NA
"1864","COPS26AX",NA
"1864","COPS27XX",0.4
"1864","COPS28XX",NA
"1864","COPS29XX",NA
"1864","COPS30XX",NA
"1864","COPS31XX",NA
"1864","COPS32AX",NA
"1864","COPS33XX",NA
"1864","COPS34XX",1.35
"1864","COPS35XX",1.16
"1864","COPS36AX",NA
"1864","COPS37XX",1.28
"1864","COPS38XX",2.3
"1865","COPS01XX",NA
"1865","COPS02XX",1.18
"1865","COPS03AX",NA
"1865","COPS05XX",NA
"1865","COPS06XX",NA
"1865","COPS07XX",0.37
"1865","COPS08XX",NA
"1865","COPS09XX",1.76
"1865","COPS10XX",NA
"1865","COPS11XX",NA
"1865","COPS12XX",0.72
"1865","COPS13XX",NA
"1865","COPS14XX",2.61
"1865","COPS15XX",NA
"1865","COPS16XX",1.5
"1865","COPS17XX",1.04
"1865","COPS18XX",1.05
"1865","COPS19XX",0.46
"1865","COPS20XX",NA
"1865","COPS21XX",NA
"1865","COPS22XX",1.82
"1865","COPS23XX",0.36
"1865","COPS25AX",NA
"1865","COPS26AX",NA
"1865","COPS27XX",0.89
"1865","COPS28XX",NA
"1865","COPS29XX",NA
"1865","COPS30XX",NA
"1865","COPS31XX",NA
"1865","COPS32AX",NA
"1865","COPS33XX",NA
"1865","COPS34XX",1.45
"1865","COPS35XX",1.35
"1865","COPS36AX",NA
"1865","COPS37XX",1.99
"1865","COPS38XX",2.45
"1866","COPS01XX",NA
"1866","COPS02XX",1.69
"1866","COPS03AX",NA
"1866","COPS05XX",NA
"1866","COPS06XX",NA
"1866","COPS07XX",0.49
"1866","COPS08XX",NA
"1866","COPS09XX",2.03
"1866","COPS10XX",NA
"1866","COPS11XX",NA
"1866","COPS12XX",0.69
"1866","COPS13XX",NA
"1866","COPS14XX",1.94
"1866","COPS15XX",NA
"1866","COPS16XX",0.55
"1866","COPS17XX",0.88
"1866","COPS18XX",0.88
"1866","COPS19XX",0.57
"1866","COPS20XX",NA
"1866","COPS21XX",NA
"1866","COPS22XX",2.08
"1866","COPS23XX",0.36
"1866","COPS25AX",NA
"1866","COPS26AX",NA
"1866","COPS27XX",0.53
"1866","COPS28XX",NA
"1866","COPS29XX",NA
"1866","COPS30XX",NA
"1866","COPS31XX",NA
"1866","COPS32AX",NA
"1866","COPS33XX",NA
"1866","COPS34XX",1.13
"1866","COPS35XX",1.48
"1866","COPS36AX",NA
"1866","COPS37XX",1.86
"1866","COPS38XX",2.79
"1867","COPS01XX",NA
"1867","COPS02XX",0.64
"1867","COPS03AX",NA
"1867","COPS05XX",NA
"1867","COPS06XX",NA
"1867","COPS07XX",0.25
"1867","COPS08XX",NA
"1867","COPS09XX",0.94
"1867","COPS10XX",NA
"1867","COPS11XX",NA
"1867","COPS12XX",0.35
"1867","COPS13XX",NA
"1867","COPS14XX",0.35
"1867","COPS15XX",NA
"1867","COPS16XX",1.57
"1867","COPS17XX",0.19
"1867","COPS18XX",0.17
"1867","COPS19XX",0.19
"1867","COPS20XX",NA
"1867","COPS21XX",NA
"1867","COPS22XX",0.65
"1867","COPS23XX",0.11
"1867","COPS25AX",NA
"1867","COPS26AX",NA
"1867","COPS27XX",0.15
"1867","COPS28XX",NA
"1867","COPS29XX",NA
"1867","COPS30XX",NA
"1867","COPS31XX",2.01
"1867","COPS32AX",NA
"1867","COPS33XX",NA
"1867","COPS34XX",0.55
"1867","COPS35XX",0.73
"1867","COPS36AX",NA
"1867","COPS37XX",0.64
"1867","COPS38XX",1.04
"1868","COPS01XX",NA
"1868","COPS02XX",1.36
"1868","COPS03AX",NA
"1868","COPS05XX",NA
"1868","COPS06XX",NA
"1868","COPS07XX",0.6
"1868","COPS08XX",NA
"1868","COPS09XX",1.98
"1868","COPS10XX",NA
"1868","COPS11XX",NA
"1868","COPS12XX",0.56
"1868","COPS13XX",NA
"1868","COPS14XX",1.35
"1868","COPS15XX",NA
"1868","COPS16XX",1.31
"1868","COPS17XX",0.71
"1868","COPS18XX",0.55
"1868","COPS19XX",0.58
"1868","COPS20XX",NA
"1868","COPS21XX",NA
"1868","COPS22XX",1.34
"1868","COPS23XX",0.21
"1868","COPS25AX",NA
"1868","COPS26AX",NA
"1868","COPS27XX",0.81
"1868","COPS28XX",NA
"1868","COPS29XX",NA
"1868","COPS30XX",NA
"1868","COPS31XX",2.14
"1868","COPS32AX",NA
"1868","COPS33XX",NA
"1868","COPS34XX",1.95
"1868","COPS35XX",1.56
"1868","COPS36AX",NA
"1868","COPS37XX",1.31
"1868","COPS38XX",2.3
"1869","COPS01XX",NA
"1869","COPS02XX",0.54
"1869","COPS03AX",NA
"1869","COPS05XX",NA
"1869","COPS06XX",NA
"1869","COPS07XX",0.37
"1869","COPS08XX",NA
"1869","COPS09XX",1.1
"1869","COPS10XX",NA
"1869","COPS11XX",0.45
"1869","COPS12XX",0.4
"1869","COPS13XX",NA
"1869","COPS14XX",0.91
"1869","COPS15XX",NA
"1869","COPS16XX",1.15
"1869","COPS17XX",0.38
"1869","COPS18XX",0.56
"1869","COPS19XX",0.28
"1869","COPS20XX",NA
"1869","COPS21XX",NA
"1869","COPS22XX",0.81
"1869","COPS23XX",0.11
"1869","COPS25AX",NA
"1869","COPS26AX",NA
"1869","COPS27XX",0.4
"1869","COPS28XX",NA
"1869","COPS29XX",NA
"1869","COPS30XX",NA
"1869","COPS31XX",1.39
"1869","COPS32AX",NA
"1869","COPS33XX",NA
"1869","COPS34XX",1.01
"1869","COPS35XX",0.75
"1869","COPS36AX",NA
"1869","COPS37XX",1.46
"1869","COPS38XX",1.58
"1870","COPS01XX",NA
"1870","COPS02XX",0.61
"1870","COPS03AX",NA
"1870","COPS05XX",NA
"1870","COPS06XX",NA
"1870","COPS07XX",0.29
"1870","COPS08XX",NA
"1870","COPS09XX",1.41
"1870","COPS10XX",NA
"1870","COPS11XX",0.48
"1870","COPS12XX",0.31
"1870","COPS13XX",NA
"1870","COPS14XX",0.63
"1870","COPS15XX",NA
"1870","COPS16XX",1.34
"1870","COPS17XX",0.5
"1870","COPS18XX",0.68
"1870","COPS19XX",0.18
"1870","COPS20XX",NA
"1870","COPS21XX",NA
"1870","COPS22XX",0.64
"1870","COPS23XX",0.07
"1870","COPS25AX",NA
"1870","COPS26AX",NA
"1870","COPS27XX",0.31
"1870","COPS28XX",1.57
"1870","COPS29XX",NA
"1870","COPS30XX",NA
"1870","COPS31XX",1.04
"1870","COPS32AX",NA
"1870","COPS33XX",NA
"1870","COPS34XX",0.62
"1870","COPS35XX",0.96
"1870","COPS36AX",NA
"1870","COPS37XX",1.13
"1870","COPS38XX",1.07
"1871","COPS01XX",NA
"1871","COPS02XX",0.8
"1871","COPS03AX",NA
"1871","COPS05XX",NA
"1871","COPS06XX",NA
"1871","COPS07XX",0.18
"1871","COPS08XX",NA
"1871","COPS09XX",0.46
"1871","COPS10XX",NA
"1871","COPS11XX",0.47
"1871","COPS12XX",0.34
"1871","COPS13XX",NA
"1871","COPS14XX",0.49
"1871","COPS15XX",2.9
"1871","COPS16XX",0.67
"1871","COPS17XX",0.61
"1871","COPS18XX",0.62
"1871","COPS19XX",0.35
"1871","COPS20XX",NA
"1871","COPS21XX",NA
"1871","COPS22XX",0.79
"1871","COPS23XX",0.11
"1871","COPS25AX",NA
"1871","COPS26AX",NA
"1871","COPS27XX",0.57
"1871","COPS28XX",1.47
"1871","COPS29XX",NA
"1871","COPS30XX",NA
"1871","COPS31XX",2.03
"1871","COPS32AX",NA
"1871","COPS33XX",NA
"1871","COPS34XX",0.8
"1871","COPS35XX",1.36
"1871","COPS36AX",NA
"1871","COPS37XX",1.02
"1871","COPS38XX",0.3
"1872","COPS01XX",NA
"1872","COPS02XX",0.64
"1872","COPS03AX",NA
"1872","COPS05XX",NA
"1872","COPS06XX",NA
"1872","COPS07XX",0.26
"1872","COPS08XX",NA
"1872","COPS09XX",0.42
"1872","COPS10XX",NA
"1872","COPS11XX",0.58
"1872","COPS12XX",0.2
"1872","COPS13XX",NA
"1872","COPS14XX",0.22
"1872","COPS15XX",2.26
"1872","COPS16XX",0.01
"1872","COPS17XX",0.57
"1872","COPS18XX",0.35
"1872","COPS19XX",0.17
"1872","COPS20XX",NA
"1872","COPS21XX",NA
"1872","COPS22XX",0.66
"1872","COPS23XX",0.16
"1872","COPS25AX",NA
"1872","COPS26AX",NA
"1872","COPS27XX",0.5
"1872","COPS28XX",1.08
"1872","COPS29XX",NA
"1872","COPS30XX",NA
"1872","COPS31XX",0.9
"1872","COPS32AX",NA
"1872","COPS33XX",NA
"1872","COPS34XX",0.74
"1872","COPS35XX",1.2
"1872","COPS36AX",NA
"1872","COPS37XX",0.93
"1872","COPS38XX",0.38
"1873","COPS01XX",NA
"1873","COPS02XX",1.02
"1873","COPS03AX",NA
"1873","COPS05XX",NA
"1873","COPS06XX",NA
"1873","COPS07XX",0.09
"1873","COPS08XX",NA
"1873","COPS09XX",0.67
"1873","COPS10XX",NA
"1873","COPS11XX",0.45
"1873","COPS12XX",0.31
"1873","COPS13XX",NA
"1873","COPS14XX",0.45
"1873","COPS15XX",1.84
"1873","COPS16XX",0.92
"1873","COPS17XX",0.63
"1873","COPS18XX",0.58
"1873","COPS19XX",0.31
"1873","COPS20XX",NA
"1873","COPS21XX",NA
"1873","COPS22XX",0.96
"1873","COPS23XX",0.27
"1873","COPS25AX",NA
"1873","COPS26AX",NA
"1873","COPS27XX",0.45
"1873","COPS28XX",1.22
"1873","COPS29XX",NA
"1873","COPS30XX",NA
"1873","COPS31XX",0.89
"1873","COPS32AX",NA
"1873","COPS33XX",NA
"1873","COPS34XX",0.42
"1873","COPS35XX",1.16
"1873","COPS36AX",NA
"1873","COPS37XX",0.89
"1873","COPS38XX",0.66
"1874","COPS01XX",NA
"1874","COPS02XX",0.47
"1874","COPS03AX",NA
"1874","COPS05XX",NA
"1874","COPS06XX",NA
"1874","COPS07XX",0.08
"1874","COPS08XX",NA
"1874","COPS09XX",0.76
"1874","COPS10XX",NA
"1874","COPS11XX",0.29
"1874","COPS12XX",0.21
"1874","COPS13XX",NA
"1874","COPS14XX",0.87
"1874","COPS15XX",1.66
"1874","COPS16XX",0.83
"1874","COPS17XX",0.41
"1874","COPS18XX",0.3
"1874","COPS19XX",0.27
"1874","COPS20XX",NA
"1874","COPS21XX",NA
"1874","COPS22XX",0.58
"1874","COPS23XX",0.17
"1874","COPS25AX",NA
"1874","COPS26AX",NA
"1874","COPS27XX",0.27
"1874","COPS28XX",0.89
"1874","COPS29XX",NA
"1874","COPS30XX",NA
"1874","COPS31XX",0.97
"1874","COPS32AX",NA
"1874","COPS33XX",NA
"1874","COPS34XX",0.52
"1874","COPS35XX",1.13
"1874","COPS36AX",NA
"1874","COPS37XX",1.05
"1874","COPS38XX",0.92
"1875","COPS01XX",NA
"1875","COPS02XX",0.93
"1875","COPS03AX",NA
"1875","COPS05XX",NA
"1875","COPS06XX",NA
"1875","COPS07XX",0.09
"1875","COPS08XX",NA
"1875","COPS09XX",0.97
"1875","COPS10XX",NA
"1875","COPS11XX",0.2
"1875","COPS12XX",0.31
"1875","COPS13XX",NA
"1875","COPS14XX",1.53
"1875","COPS15XX",1.88
"1875","COPS16XX",0.85
"1875","COPS17XX",0.35
"1875","COPS18XX",0.61
"1875","COPS19XX",0.22
"1875","COPS20XX",0.7
"1875","COPS21XX",NA
"1875","COPS22XX",0.64
"1875","COPS23XX",0.15
"1875","COPS25AX",NA
"1875","COPS26AX",NA
"1875","COPS27XX",0.44
"1875","COPS28XX",1.3
"1875","COPS29XX",NA
"1875","COPS30XX",NA
"1875","COPS31XX",1.36
"1875","COPS32AX",NA
"1875","COPS33XX",1.59
"1875","COPS34XX",0.4
"1875","COPS35XX",1.22
"1875","COPS36AX",NA
"1875","COPS37XX",1.12
"1875","COPS38XX",1.42
"1876","COPS01XX",NA
"1876","COPS02XX",0.54
"1876","COPS03AX",NA
"1876","COPS05XX",NA
"1876","COPS06XX",NA
"1876","COPS07XX",0.01
"1876","COPS08XX",NA
"1876","COPS09XX",0.25
"1876","COPS10XX",NA
"1876","COPS11XX",0.13
"1876","COPS12XX",0.14
"1876","COPS13XX",NA
"1876","COPS14XX",0.77
"1876","COPS15XX",1.12
"1876","COPS16XX",0.61
"1876","COPS17XX",0.24
"1876","COPS18XX",0.21
"1876","COPS19XX",0.18
"1876","COPS20XX",0.12
"1876","COPS21XX",NA
"1876","COPS22XX",0.42
"1876","COPS23XX",0.09
"1876","COPS25AX",NA
"1876","COPS26AX",NA
"1876","COPS27XX",0.18
"1876","COPS28XX",0.47
"1876","COPS29XX",NA
"1876","COPS30XX",NA
"1876","COPS31XX",0.75
"1876","COPS32AX",NA
"1876","COPS33XX",1.48
"1876","COPS34XX",0.37
"1876","COPS35XX",0.6
"1876","COPS36AX",NA
"1876","COPS37XX",0.73
"1876","COPS38XX",0.69
"1877","COPS01XX",NA
"1877","COPS02XX",0.54
"1877","COPS03AX",NA
"1877","COPS05XX",NA
"1877","COPS06XX",NA
"1877","COPS07XX",0.09
"1877","COPS08XX",NA
"1877","COPS09XX",0.66
"1877","COPS10XX",NA
"1877","COPS11XX",0.27
"1877","COPS12XX",0.32
"1877","COPS13XX",NA
"1877","COPS14XX",1.15
"1877","COPS15XX",1.63
"1877","COPS16XX",1.06
"1877","COPS17XX",0.38
"1877","COPS18XX",0.47
"1877","COPS19XX",0.18
"1877","COPS20XX",0.4
"1877","COPS21XX",0.11
"1877","COPS22XX",0.52
"1877","COPS23XX",0.25
"1877","COPS25AX",NA
"1877","COPS26AX",NA
"1877","COPS27XX",0.34
"1877","COPS28XX",0.94
"1877","COPS29XX",NA
"1877","COPS30XX",NA
"1877","COPS31XX",0.91
"1877","COPS32AX",NA
"1877","COPS33XX",1.38
"1877","COPS34XX",0.52
"1877","COPS35XX",0.9
"1877","COPS36AX",NA
"1877","COPS37XX",0.74
"1877","COPS38XX",1.46
"1878","COPS01XX",NA
"1878","COPS02XX",0.7
"1878","COPS03AX",NA
"1878","COPS05XX",NA
"1878","COPS06XX",NA
"1878","COPS07XX",0.1
"1878","COPS08XX",NA
"1878","COPS09XX",0.3
"1878","COPS10XX",NA
"1878","COPS11XX",0.39
"1878","COPS12XX",0.38
"1878","COPS13XX",NA
"1878","COPS14XX",1.25
"1878","COPS15XX",1.12
"1878","COPS16XX",0.65
"1878","COPS17XX",0.39
"1878","COPS18XX",0.52
"1878","COPS19XX",0.15
"1878","COPS20XX",0.82
"1878","COPS21XX",0.36
"1878","COPS22XX",0.6
"1878","COPS23XX",0.24
"1878","COPS25AX",NA
"1878","COPS26AX",NA
"1878","COPS27XX",0.36
"1878","COPS28XX",0.77
"1878","COPS29XX",NA
"1878","COPS30XX",NA
"1878","COPS31XX",0.95
"1878","COPS32AX",NA
"1878","COPS33XX",1.65
"1878","COPS34XX",0.39
"1878","COPS35XX",0.94
"1878","COPS36AX",NA
"1878","COPS37XX",0.79
"1878","COPS38XX",1.27
"1879","COPS01XX",NA
"1879","COPS02XX",0.43
"1879","COPS03AX",NA
"1879","COPS05XX",NA
"1879","COPS06XX",NA
"1879","COPS07XX",0.11
"1879","COPS08XX",NA
"1879","COPS09XX",0.2
"1879","COPS10XX",NA
"1879","COPS11XX",0.14
"1879","COPS12XX",0.26
"1879","COPS13XX",NA
"1879","COPS14XX",0.5
"1879","COPS15XX",0.89
"1879","COPS16XX",0.46
"1879","COPS17XX",0.24
"1879","COPS18XX",0.44
"1879","COPS19XX",0.09
"1879","COPS20XX",0.01
"1879","COPS21XX",0.23
"1879","COPS22XX",0.1
"1879","COPS23XX",0.01
"1879","COPS25AX",NA
"1879","COPS26AX",NA
"1879","COPS27XX",0.26
"1879","COPS28XX",0.51
"1879","COPS29XX",NA
"1879","COPS30XX",NA
"1879","COPS31XX",0.65
"1879","COPS32AX",NA
"1879","COPS33XX",1.37
"1879","COPS34XX",0.44
"1879","COPS35XX",0.32
"1879","COPS36AX",NA
"1879","COPS37XX",0.01
"1879","COPS38XX",0.55
"1880","COPS01XX",NA
"1880","COPS02XX",0.47
"1880","COPS03AX",NA
"1880","COPS05XX",NA
"1880","COPS06XX",NA
"1880","COPS07XX",0.68
"1880","COPS08XX",NA
"1880","COPS09XX",0.23
"1880","COPS10XX",NA
"1880","COPS11XX",0.19
"1880","COPS12XX",0.42
"1880","COPS13XX",NA
"1880","COPS14XX",1.36
"1880","COPS15XX",1.82
"1880","COPS16XX",1.62
"1880","COPS17XX",0.44
"1880","COPS18XX",0.9
"1880","COPS19XX",0.07
"1880","COPS20XX",0.43
"1880","COPS21XX",0.51
"1880","COPS22XX",0.38
"1880","COPS23XX",0.15
"1880","COPS25AX",NA
"1880","COPS26AX",NA
"1880","COPS27XX",0.65
"1880","COPS28XX",1.34
"1880","COPS29XX",NA
"1880","COPS30XX",NA
"1880","COPS31XX",1.03
"1880","COPS32AX",NA
"1880","COPS33XX",1.53
"1880","COPS34XX",0.89
"1880","COPS35XX",0.86
"1880","COPS36AX",NA
"1880","COPS37XX",1.1
"1880","COPS38XX",0.69
"1881","COPS01XX",NA
"1881","COPS02XX",0.37
"1881","COPS03AX",NA
"1881","COPS05XX",NA
"1881","COPS06XX",NA
"1881","COPS07XX",0.28
"1881","COPS08XX",NA
"1881","COPS09XX",0.22
"1881","COPS10XX",NA
"1881","COPS11XX",0.15
"1881","COPS12XX",0.19
"1881","COPS13XX",0.56
"1881","COPS14XX",1.89
"1881","COPS15XX",2.05
"1881","COPS16XX",1
"1881","COPS17XX",0.55
"1881","COPS18XX",0.96
"1881","COPS19XX",0.11
"1881","COPS20XX",0.19
"1881","COPS21XX",0.35
"1881","COPS22XX",0.56
"1881","COPS23XX",0.32
"1881","COPS25AX",NA
"1881","COPS26AX",NA
"1881","COPS27XX",0.53
"1881","COPS28XX",1.14
"1881","COPS29XX",NA
"1881","COPS30XX",NA
"1881","COPS31XX",0.6
"1881","COPS32AX",NA
"1881","COPS33XX",0.76
"1881","COPS34XX",0.57
"1881","COPS35XX",1.02
"1881","COPS36AX",NA
"1881","COPS37XX",1.15
"1881","COPS38XX",0.77
"1882","COPS01XX",NA
"1882","COPS02XX",0.29
"1882","COPS03AX",NA
"1882","COPS05XX",NA
"1882","COPS06XX",NA
"1882","COPS07XX",0.13
"1882","COPS08XX",NA
"1882","COPS09XX",0.09
"1882","COPS10XX",0.06
"1882","COPS11XX",0.11
"1882","COPS12XX",0.06
"1882","COPS13XX",0.23
"1882","COPS14XX",0.65
"1882","COPS15XX",0.95
"1882","COPS16XX",0.31
"1882","COPS17XX",0.15
"1882","COPS18XX",0.29
"1882","COPS19XX",0.21
"1882","COPS20XX",0.07
"1882","COPS21XX",0.11
"1882","COPS22XX",0.13
"1882","COPS23XX",0.21
"1882","COPS25AX",NA
"1882","COPS26AX",NA
"1882","COPS27XX",0.27
"1882","COPS28XX",0.32
"1882","COPS29XX",NA
"1882","COPS30XX",NA
"1882","COPS31XX",0.3
"1882","COPS32AX",NA
"1882","COPS33XX",0.33
"1882","COPS34XX",0.2
"1882","COPS35XX",0.36
"1882","COPS36AX",NA
"1882","COPS37XX",0.37
"1882","COPS38XX",0.3
"1883","COPS01XX",NA
"1883","COPS02XX",0.47
"1883","COPS03AX",NA
"1883","COPS05XX",NA
"1883","COPS06XX",NA
"1883","COPS07XX",0.33
"1883","COPS08XX",NA
"1883","COPS09XX",0.33
"1883","COPS10XX",0.1
"1883","COPS11XX",0.34
"1883","COPS12XX",0.34
"1883","COPS13XX",0.45
"1883","COPS14XX",0.81
"1883","COPS15XX",1.21
"1883","COPS16XX",0.56
"1883","COPS17XX",0.4
"1883","COPS18XX",0.53
"1883","COPS19XX",0.24
"1883","COPS20XX",0.57
"1883","COPS21XX",0.38
"1883","COPS22XX",0.4
"1883","COPS23XX",0.18
"1883","COPS25AX",NA
"1883","COPS26AX",NA
"1883","COPS27XX",0.45
"1883","COPS28XX",1.18
"1883","COPS29XX",NA
"1883","COPS30XX",NA
"1883","COPS31XX",0.63
"1883","COPS32AX",NA
"1883","COPS33XX",0.82
"1883","COPS34XX",0.41
"1883","COPS35XX",0.87
"1883","COPS36AX",NA
"1883","COPS37XX",0.49
"1883","COPS38XX",0.85
"1884","COPS01XX",NA
"1884","COPS02XX",0.43
"1884","COPS03AX",NA
"1884","COPS05XX",NA
"1884","COPS06XX",NA
"1884","COPS07XX",0.51
"1884","COPS08XX",NA
"1884","COPS09XX",0.56
"1884","COPS10XX",0.12
"1884","COPS11XX",0.46
"1884","COPS12XX",0.26
"1884","COPS13XX",0.67
"1884","COPS14XX",1.43
"1884","COPS15XX",1.68
"1884","COPS16XX",0.89
"1884","COPS17XX",0.69
"1884","COPS18XX",0.71
"1884","COPS19XX",0.27
"1884","COPS20XX",0.86
"1884","COPS21XX",0.78
"1884","COPS22XX",0.5
"1884","COPS23XX",0.32
"1884","COPS25AX",NA
"1884","COPS26AX",NA
"1884","COPS27XX",0.63
"1884","COPS28XX",1.38
"1884","COPS29XX",NA
"1884","COPS30XX",NA
"1884","COPS31XX",0.66
"1884","COPS32AX",NA
"1884","COPS33XX",1.28
"1884","COPS34XX",0.65
"1884","COPS35XX",1.43
"1884","COPS36AX",NA
"1884","COPS37XX",1.14
"1884","COPS38XX",1.02
"1885","COPS01XX",NA
"1885","COPS02XX",0.62
"1885","COPS03AX",NA
"1885","COPS05XX",NA
"1885","COPS06XX",NA
"1885","COPS07XX",0.7
"1885","COPS08XX",NA
"1885","COPS09XX",0.79
"1885","COPS10XX",0.3
"1885","COPS11XX",0.65
"1885","COPS12XX",0.37
"1885","COPS13XX",1.24
"1885","COPS14XX",1.5
"1885","COPS15XX",2.17
"1885","COPS16XX",0.99
"1885","COPS17XX",0.93
"1885","COPS18XX",1.19
"1885","COPS19XX",0.16
"1885","COPS20XX",0.83
"1885","COPS21XX",1.18
"1885","COPS22XX",1.14
"1885","COPS23XX",0.4
"1885","COPS25AX",NA
"1885","COPS26AX",NA
"1885","COPS27XX",0.82
"1885","COPS28XX",2.04
"1885","COPS29XX",NA
"1885","COPS30XX",NA
"1885","COPS31XX",1.1
"1885","COPS32AX",NA
"1885","COPS33XX",1.18
"1885","COPS34XX",0.63
"1885","COPS35XX",1.2
"1885","COPS36AX",NA
"1885","COPS37XX",1.56
"1885","COPS38XX",1.48
"1886","COPS01XX",NA
"1886","COPS02XX",0.76
"1886","COPS03AX",NA
"1886","COPS05XX",NA
"1886","COPS06XX",NA
"1886","COPS07XX",1.02
"1886","COPS08XX",NA
"1886","COPS09XX",0.56
"1886","COPS10XX",0.21
"1886","COPS11XX",0.63
"1886","COPS12XX",0.21
"1886","COPS13XX",0.6
"1886","COPS14XX",1.59
"1886","COPS15XX",1.84
"1886","COPS16XX",0.65
"1886","COPS17XX",0.37
"1886","COPS18XX",0.43
"1886","COPS19XX",0.12
"1886","COPS20XX",0.36
"1886","COPS21XX",0.78
"1886","COPS22XX",0.55
"1886","COPS23XX",0.39
"1886","COPS25AX",NA
"1886","COPS26AX",NA
"1886","COPS27XX",0.46
"1886","COPS28XX",0.79
"1886","COPS29XX",NA
"1886","COPS30XX",NA
"1886","COPS31XX",0.71
"1886","COPS32AX",NA
"1886","COPS33XX",0.66
"1886","COPS34XX",0.54
"1886","COPS35XX",0.94
"1886","COPS36AX",NA
"1886","COPS37XX",0.66
"1886","COPS38XX",0.69
"1887","COPS01XX",NA
"1887","COPS02XX",0.38
"1887","COPS03AX",NA
"1887","COPS05XX",NA
"1887","COPS06XX",NA
"1887","COPS07XX",0.75
"1887","COPS08XX",NA
"1887","COPS09XX",0.37
"1887","COPS10XX",0.18
"1887","COPS11XX",0.59
"1887","COPS12XX",0.25
"1887","COPS13XX",0.42
"1887","COPS14XX",1.18
"1887","COPS15XX",1.02
"1887","COPS16XX",0.4
"1887","COPS17XX",0.14
"1887","COPS18XX",0.34
"1887","COPS19XX",0.62
"1887","COPS20XX",0.33
"1887","COPS21XX",0.48
"1887","COPS22XX",0.44
"1887","COPS23XX",0.2
"1887","COPS25AX",NA
"1887","COPS26AX",NA
"1887","COPS27XX",0.3
"1887","COPS28XX",0.83
"1887","COPS29XX",NA
"1887","COPS30XX",NA
"1887","COPS31XX",0.64
"1887","COPS32AX",NA
"1887","COPS33XX",0.4
"1887","COPS34XX",0.35
"1887","COPS35XX",0.46
"1887","COPS36AX",NA
"1887","COPS37XX",0.48
"1887","COPS38XX",0.7
"1888","COPS01XX",NA
"1888","COPS02XX",1.26
"1888","COPS03AX",NA
"1888","COPS05XX",NA
"1888","COPS06XX",NA
"1888","COPS07XX",1.05
"1888","COPS08XX",NA
"1888","COPS09XX",1.06
"1888","COPS10XX",0.46
"1888","COPS11XX",1.66
"1888","COPS12XX",0.67
"1888","COPS13XX",1.73
"1888","COPS14XX",2.88
"1888","COPS15XX",2.93
"1888","COPS16XX",1.44
"1888","COPS17XX",0.63
"1888","COPS18XX",1.39
"1888","COPS19XX",0.93
"1888","COPS20XX",1.11
"1888","COPS21XX",2.04
"1888","COPS22XX",1.27
"1888","COPS23XX",0.98
"1888","COPS25AX",NA
"1888","COPS26AX",NA
"1888","COPS27XX",1.1
"1888","COPS28XX",2.27
"1888","COPS29XX",NA
"1888","COPS30XX",NA
"1888","COPS31XX",1.56
"1888","COPS32AX",NA
"1888","COPS33XX",1.48
"1888","COPS34XX",1.17
"1888","COPS35XX",1.14
"1888","COPS36AX",NA
"1888","COPS37XX",1.85
"1888","COPS38XX",1.99
"1889","COPS01XX",NA
"1889","COPS02XX",1.56
"1889","COPS03AX",NA
"1889","COPS05XX",NA
"1889","COPS06XX",5.92
"1889","COPS07XX",1.21
"1889","COPS08XX",NA
"1889","COPS09XX",1.29
"1889","COPS10XX",0.63
"1889","COPS11XX",1.44
"1889","COPS12XX",1.04
"1889","COPS13XX",1.45
"1889","COPS14XX",2.74
"1889","COPS15XX",3.33
"1889","COPS16XX",2.65
"1889","COPS17XX",0.81
"1889","COPS18XX",1.54
"1889","COPS19XX",0.01
"1889","COPS20XX",1.84
"1889","COPS21XX",2.26
"1889","COPS22XX",2.08
"1889","COPS23XX",1.2
"1889","COPS25AX",NA
"1889","COPS26AX",NA
"1889","COPS27XX",1.35
"1889","COPS28XX",2.03
"1889","COPS29XX",NA
"1889","COPS30XX",NA
"1889","COPS31XX",1.58
"1889","COPS32AX",NA
"1889","COPS33XX",2.31
"1889","COPS34XX",1.24
"1889","COPS35XX",1.07
"1889","COPS36AX",NA
"1889","COPS37XX",2.49
"1889","COPS38XX",1.9
"1890","COPS01XX",NA
"1890","COPS02XX",1.27
"1890","COPS03AX",NA
"1890","COPS05XX",NA
"1890","COPS06XX",3.74
"1890","COPS07XX",0.97
"1890","COPS08XX",3.53
"1890","COPS09XX",0.83
"1890","COPS10XX",0.37
"1890","COPS11XX",1.03
"1890","COPS12XX",0.68
"1890","COPS13XX",0.81
"1890","COPS14XX",1.11
"1890","COPS15XX",1.83
"1890","COPS16XX",1.23
"1890","COPS17XX",0.63
"1890","COPS18XX",1.01
"1890","COPS19XX",0.77
"1890","COPS20XX",0.8
"1890","COPS21XX",1.34
"1890","COPS22XX",0.77
"1890","COPS23XX",0.67
"1890","COPS25AX",NA
"1890","COPS26AX",NA
"1890","COPS27XX",0.74
"1890","COPS28XX",1.3
"1890","COPS29XX",NA
"1890","COPS30XX",NA
"1890","COPS31XX",1.19
"1890","COPS32AX",NA
"1890","COPS33XX",0.67
"1890","COPS34XX",0.95
"1890","COPS35XX",0.37
"1890","COPS36AX",NA
"1890","COPS37XX",1.14
"1890","COPS38XX",1.14
"1891","COPS01XX",NA
"1891","COPS02XX",0.56
"1891","COPS03AX",NA
"1891","COPS05XX",NA
"1891","COPS06XX",1.44
"1891","COPS07XX",0.52
"1891","COPS08XX",1.66
"1891","COPS09XX",0.42
"1891","COPS10XX",0.21
"1891","COPS11XX",0.47
"1891","COPS12XX",0.46
"1891","COPS13XX",0.41
"1891","COPS14XX",0.54
"1891","COPS15XX",1.01
"1891","COPS16XX",0.4
"1891","COPS17XX",0.21
"1891","COPS18XX",0.41
"1891","COPS19XX",0.29
"1891","COPS20XX",0.32
"1891","COPS21XX",0.81
"1891","COPS22XX",0.27
"1891","COPS23XX",0.24
"1891","COPS25AX",NA
"1891","COPS26AX",NA
"1891","COPS27XX",0.19
"1891","COPS28XX",0.38
"1891","COPS29XX",NA
"1891","COPS30XX",1.1
"1891","COPS31XX",0.42
"1891","COPS32AX",NA
"1891","COPS33XX",0.28
"1891","COPS34XX",0.47
"1891","COPS35XX",0.3
"1891","COPS36AX",NA
"1891","COPS37XX",0.8
"1891","COPS38XX",0.52
"1892","COPS01XX",NA
"1892","COPS02XX",0.94
"1892","COPS03AX",NA
"1892","COPS05XX",NA
"1892","COPS06XX",4.03
"1892","COPS07XX",0.91
"1892","COPS08XX",2.36
"1892","COPS09XX",0.68
"1892","COPS10XX",0.36
"1892","COPS11XX",0.53
"1892","COPS12XX",1.24
"1892","COPS13XX",0.56
"1892","COPS14XX",1.87
"1892","COPS15XX",1.56
"1892","COPS16XX",0.76
"1892","COPS17XX",0.5
"1892","COPS18XX",1.28
"1892","COPS19XX",0.63
"1892","COPS20XX",1.1
"1892","COPS21XX",1
"1892","COPS22XX",0.76
"1892","COPS23XX",0.52
"1892","COPS25AX",NA
"1892","COPS26AX",NA
"1892","COPS27XX",0.52
"1892","COPS28XX",2.53
"1892","COPS29XX",NA
"1892","COPS30XX",2.57
"1892","COPS31XX",1.07
"1892","COPS32AX",NA
"1892","COPS33XX",0.86
"1892","COPS34XX",0.83
"1892","COPS35XX",0.58
"1892","COPS36AX",NA
"1892","COPS37XX",0.87
"1892","COPS38XX",1.01
"1893","COPS01XX",NA
"1893","COPS02XX",0.82
"1893","COPS03AX",NA
"1893","COPS05XX",NA
"1893","COPS06XX",3.34
"1893","COPS07XX",0.67
"1893","COPS08XX",2.4
"1893","COPS09XX",0.61
"1893","COPS10XX",0.37
"1893","COPS11XX",0.59
"1893","COPS12XX",0.85
"1893","COPS13XX",0.45
"1893","COPS14XX",1.29
"1893","COPS15XX",1.73
"1893","COPS16XX",0.65
"1893","COPS17XX",0.37
"1893","COPS18XX",0.7
"1893","COPS19XX",0.45
"1893","COPS20XX",0.62
"1893","COPS21XX",0.81
"1893","COPS22XX",0.83
"1893","COPS23XX",0.27
"1893","COPS25AX",NA
"1893","COPS26AX",NA
"1893","COPS27XX",0.38
"1893","COPS28XX",1.17
"1893","COPS29XX",NA
"1893","COPS30XX",2.41
"1893","COPS31XX",0.92
"1893","COPS32AX",NA
"1893","COPS33XX",0.52
"1893","COPS34XX",0.93
"1893","COPS35XX",0.53
"1893","COPS36AX",NA
"1893","COPS37XX",0.83
"1893","COPS38XX",0.6
"1894","COPS01XX",NA
"1894","COPS02XX",1.72
"1894","COPS03AX",NA
"1894","COPS05XX",NA
"1894","COPS06XX",3.35
"1894","COPS07XX",1.08
"1894","COPS08XX",2.78
"1894","COPS09XX",1.17
"1894","COPS10XX",0.55
"1894","COPS11XX",0.93
"1894","COPS12XX",0.98
"1894","COPS13XX",0.72
"1894","COPS14XX",1.73
"1894","COPS15XX",2.85
"1894","COPS16XX",1.35
"1894","COPS17XX",0.45
"1894","COPS18XX",0.8
"1894","COPS19XX",0.38
"1894","COPS20XX",1.01
"1894","COPS21XX",0.91
"1894","COPS22XX",1.05
"1894","COPS23XX",0.33
"1894","COPS25AX",NA
"1894","COPS26AX",NA
"1894","COPS27XX",0.39
"1894","COPS28XX",1.76
"1894","COPS29XX",NA
"1894","COPS30XX",2.79
"1894","COPS31XX",1.1
"1894","COPS32AX",NA
"1894","COPS33XX",0.69
"1894","COPS34XX",1.18
"1894","COPS35XX",0.59
"1894","COPS36AX",NA
"1894","COPS37XX",1.12
"1894","COPS38XX",0.82
"1895","COPS01XX",NA
"1895","COPS02XX",1.21
"1895","COPS03AX",NA
"1895","COPS05XX",NA
"1895","COPS06XX",2.04
"1895","COPS07XX",0.69
"1895","COPS08XX",1.76
"1895","COPS09XX",0.83
"1895","COPS10XX",0.4
"1895","COPS11XX",0.68
"1895","COPS12XX",0.5
"1895","COPS13XX",0.52
"1895","COPS14XX",0.79
"1895","COPS15XX",1.56
"1895","COPS16XX",0.74
"1895","COPS17XX",0.56
"1895","COPS18XX",0.64
"1895","COPS19XX",0.41
"1895","COPS20XX",0.53
"1895","COPS21XX",0.64
"1895","COPS22XX",0.97
"1895","COPS23XX",0.31
"1895","COPS25AX",NA
"1895","COPS26AX",NA
"1895","COPS27XX",0.45
"1895","COPS28XX",0.73
"1895","COPS29XX",NA
"1895","COPS30XX",1.63
"1895","COPS31XX",0.82
"1895","COPS32AX",NA
"1895","COPS33XX",0.46
"1895","COPS34XX",0.73
"1895","COPS35XX",0.45
"1895","COPS36AX",NA
"1895","COPS37XX",0.75
"1895","COPS38XX",0.53
"1896","COPS01XX",NA
"1896","COPS02XX",1
"1896","COPS03AX",NA
"1896","COPS05XX",NA
"1896","COPS06XX",1.48
"1896","COPS07XX",0.7
"1896","COPS08XX",1.91
"1896","COPS09XX",1.18
"1896","COPS10XX",0.73
"1896","COPS11XX",0.53
"1896","COPS12XX",0.35
"1896","COPS13XX",0.35
"1896","COPS14XX",0.78
"1896","COPS15XX",1.22
"1896","COPS16XX",0.85
"1896","COPS17XX",0.27
"1896","COPS18XX",0.8
"1896","COPS19XX",0.33
"1896","COPS20XX",0.41
"1896","COPS21XX",0.65
"1896","COPS22XX",0.59
"1896","COPS23XX",0.12
"1896","COPS25AX",NA
"1896","COPS26AX",NA
"1896","COPS27XX",0.17
"1896","COPS28XX",1
"1896","COPS29XX",NA
"1896","COPS30XX",3.49
"1896","COPS31XX",0.65
"1896","COPS32AX",NA
"1896","COPS33XX",0.43
"1896","COPS34XX",0.73
"1896","COPS35XX",0.73
"1896","COPS36AX",NA
"1896","COPS37XX",0.45
"1896","COPS38XX",1.04
"1897","COPS01XX",NA
"1897","COPS02XX",0.83
"1897","COPS03AX",NA
"1897","COPS05XX",NA
"1897","COPS06XX",0.95
"1897","COPS07XX",0.38
"1897","COPS08XX",1.29
"1897","COPS09XX",0.57
"1897","COPS10XX",0.53
"1897","COPS11XX",0.5
"1897","COPS12XX",0.24
"1897","COPS13XX",0.3
"1897","COPS14XX",0.42
"1897","COPS15XX",0.63
"1897","COPS16XX",0.63
"1897","COPS17XX",0.18
"1897","COPS18XX",0.51
"1897","COPS19XX",0.28
"1897","COPS20XX",0.26
"1897","COPS21XX",0.61
"1897","COPS22XX",0.38
"1897","COPS23XX",0.15
"1897","COPS25AX",NA
"1897","COPS26AX",NA
"1897","COPS27XX",0.07
"1897","COPS28XX",0.54
"1897","COPS29XX",NA
"1897","COPS30XX",1.13
"1897","COPS31XX",0.01
"1897","COPS32AX",NA
"1897","COPS33XX",0.25
"1897","COPS34XX",0.39
"1897","COPS35XX",0.38
"1897","COPS36AX",NA
"1897","COPS37XX",0.37
"1897","COPS38XX",0.38
"1898","COPS01XX",NA
"1898","COPS02XX",1.32
"1898","COPS03AX",NA
"1898","COPS05XX",NA
"1898","COPS06XX",1.63
"1898","COPS07XX",0.83
"1898","COPS08XX",1.56
"1898","COPS09XX",0.92
"1898","COPS10XX",0.59
"1898","COPS11XX",0.35
"1898","COPS12XX",0.69
"1898","COPS13XX",0.51
"1898","COPS14XX",0.76
"1898","COPS15XX",1.22
"1898","COPS16XX",0.98
"1898","COPS17XX",0.16
"1898","COPS18XX",0.86
"1898","COPS19XX",0.29
"1898","COPS20XX",0.22
"1898","COPS21XX",0.89
"1898","COPS22XX",0.36
"1898","COPS23XX",0.25
"1898","COPS25AX",NA
"1898","COPS26AX",NA
"1898","COPS27XX",0.23
"1898","COPS28XX",1.29
"1898","COPS29XX",NA
"1898","COPS30XX",1.2
"1898","COPS31XX",0.56
"1898","COPS32AX",NA
"1898","COPS33XX",0.37
"1898","COPS34XX",0.65
"1898","COPS35XX",0.48
"1898","COPS36AX",NA
"1898","COPS37XX",0.33
"1898","COPS38XX",0.17
"1899","COPS01XX",NA
"1899","COPS02XX",1.26
"1899","COPS03AX",NA
"1899","COPS05XX",NA
"1899","COPS06XX",2.24
"1899","COPS07XX",1.48
"1899","COPS08XX",1.17
"1899","COPS09XX",0.65
"1899","COPS10XX",0.7
"1899","COPS11XX",0.09
"1899","COPS12XX",0.53
"1899","COPS13XX",0.2
"1899","COPS14XX",0.62
"1899","COPS15XX",1.42
"1899","COPS16XX",0.9
"1899","COPS17XX",0.23
"1899","COPS18XX",0.52
"1899","COPS19XX",0.26
"1899","COPS20XX",0.25
"1899","COPS21XX",0.72
"1899","COPS22XX",0.3
"1899","COPS23XX",0.18
"1899","COPS25AX",NA
"1899","COPS26AX",NA
"1899","COPS27XX",0.09
"1899","COPS28XX",0.82
"1899","COPS29XX",2.14
"1899","COPS30XX",1.13
"1899","COPS31XX",0.27
"1899","COPS32AX",NA
"1899","COPS33XX",0.44
"1899","COPS34XX",0.88
"1899","COPS35XX",0.73
"1899","COPS36AX",NA
"1899","COPS37XX",0.68
"1899","COPS38XX",0.21
"1900","COPS01XX",NA
"1900","COPS02XX",1.28
"1900","COPS03AX",NA
"1900","COPS05XX",NA
"1900","COPS06XX",1.64
"1900","COPS07XX",1.05
"1900","COPS08XX",1.3
"1900","COPS09XX",0.88
"1900","COPS10XX",0.85
"1900","COPS11XX",0.28
"1900","COPS12XX",0.71
"1900","COPS13XX",0.28
"1900","COPS14XX",0.53
"1900","COPS15XX",1.28
"1900","COPS16XX",0.77
"1900","COPS17XX",0.32
"1900","COPS18XX",0.56
"1900","COPS19XX",0.33
"1900","COPS20XX",0.31
"1900","COPS21XX",0.71
"1900","COPS22XX",0.47
"1900","COPS23XX",0.25
"1900","COPS25AX",NA
"1900","COPS26AX",NA
"1900","COPS27XX",0.07
"1900","COPS28XX",0.56
"1900","COPS29XX",1.52
"1900","COPS30XX",1.53
"1900","COPS31XX",0.17
"1900","COPS32AX",NA
"1900","COPS33XX",0.39
"1900","COPS34XX",0.6
"1900","COPS35XX",0.75
"1900","COPS36AX",NA
"1900","COPS37XX",0.52
"1900","COPS38XX",0.21
"1901","COPS01XX",NA
"1901","COPS02XX",1.19
"1901","COPS03AX",NA
"1901","COPS05XX",NA
"1901","COPS06XX",1.64
"1901","COPS07XX",1.18
"1901","COPS08XX",1.38
"1901","COPS09XX",0.64
"1901","COPS10XX",0.71
"1901","COPS11XX",0.42
"1901","COPS12XX",0.56
"1901","COPS13XX",0.46
"1901","COPS14XX",0.79
"1901","COPS15XX",1.16
"1901","COPS16XX",0.68
"1901","COPS17XX",0.41
"1901","COPS18XX",0.74
"1901","COPS19XX",0.55
"1901","COPS20XX",0.44
"1901","COPS21XX",1.01
"1901","COPS22XX",0.8
"1901","COPS23XX",0.3
"1901","COPS25AX",NA
"1901","COPS26AX",NA
"1901","COPS27XX",0.19
"1901","COPS28XX",0.68
"1901","COPS29XX",1.65
"1901","COPS30XX",2.19
"1901","COPS31XX",0.06
"1901","COPS32AX",NA
"1901","COPS33XX",0.62
"1901","COPS34XX",0.75
"1901","COPS35XX",0.78
"1901","COPS36AX",NA
"1901","COPS37XX",0.38
"1901","COPS38XX",0.57
"1902","COPS01XX",NA
"1902","COPS02XX",1.05
"1902","COPS03AX",NA
"1902","COPS05XX",NA
"1902","COPS06XX",1.61
"1902","COPS07XX",0.98
"1902","COPS08XX",1.22
"1902","COPS09XX",0.61
"1902","COPS10XX",0.47
"1902","COPS11XX",0.37
"1902","COPS12XX",0.6
"1902","COPS13XX",0.45
"1902","COPS14XX",0.64
"1902","COPS15XX",1.24
"1902","COPS16XX",0.96
"1902","COPS17XX",0.44
"1902","COPS18XX",0.76
"1902","COPS19XX",0.5
"1902","COPS20XX",0.4
"1902","COPS21XX",0.99
"1902","COPS22XX",0.75
"1902","COPS23XX",0.32
"1902","COPS25AX",NA
"1902","COPS26AX",NA
"1902","COPS27XX",0.17
"1902","COPS28XX",0.91
"1902","COPS29XX",0.65
"1902","COPS30XX",1.66
"1902","COPS31XX",0.13
"1902","COPS32AX",NA
"1902","COPS33XX",0.62
"1902","COPS34XX",0.87
"1902","COPS35XX",0.6
"1902","COPS36AX",NA
"1902","COPS37XX",0.33
"1902","COPS38XX",0.57
"1903","COPS01XX",NA
"1903","COPS02XX",1.82
"1903","COPS03AX",NA
"1903","COPS05XX",NA
"1903","COPS06XX",1.49
"1903","COPS07XX",0.73
"1903","COPS08XX",1.62
"1903","COPS09XX",1.17
"1903","COPS10XX",0.67
"1903","COPS11XX",0.59
"1903","COPS12XX",0.88
"1903","COPS13XX",0.7
"1903","COPS14XX",0.75
"1903","COPS15XX",1.82
"1903","COPS16XX",1.29
"1903","COPS17XX",0.58
"1903","COPS18XX",0.85
"1903","COPS19XX",0.61
"1903","COPS20XX",0.67
"1903","COPS21XX",1.4
"1903","COPS22XX",1
"1903","COPS23XX",0.42
"1903","COPS25AX",NA
"1903","COPS26AX",NA
"1903","COPS27XX",0.24
"1903","COPS28XX",1.15
"1903","COPS29XX",1.18
"1903","COPS30XX",2.22
"1903","COPS31XX",0.11
"1903","COPS32AX",NA
"1903","COPS33XX",0.58
"1903","COPS34XX",1.32
"1903","COPS35XX",0.55
"1903","COPS36AX",NA
"1903","COPS37XX",0.74
"1903","COPS38XX",0.78
"1904","COPS01XX",NA
"1904","COPS02XX",1.61
"1904","COPS03AX",NA
"1904","COPS05XX",NA
"1904","COPS06XX",1.62
"1904","COPS07XX",1.1
"1904","COPS08XX",2.54
"1904","COPS09XX",1.45
"1904","COPS10XX",0.58
"1904","COPS11XX",0.75
"1904","COPS12XX",0.77
"1904","COPS13XX",0.56
"1904","COPS14XX",1.11
"1904","COPS15XX",2.17
"1904","COPS16XX",1.19
"1904","COPS17XX",0.4
"1904","COPS18XX",0.89
"1904","COPS19XX",0.9
"1904","COPS20XX",0.53
"1904","COPS21XX",1.46
"1904","COPS22XX",0.92
"1904","COPS23XX",0.46
"1904","COPS25AX",NA
"1904","COPS26AX",NA
"1904","COPS27XX",0.3
"1904","COPS28XX",0.93
"1904","COPS29XX",1.35
"1904","COPS30XX",2.05
"1904","COPS31XX",0.23
"1904","COPS32AX",NA
"1904","COPS33XX",0.54
"1904","COPS34XX",1.16
"1904","COPS35XX",0.61
"1904","COPS36AX",NA
"1904","COPS37XX",0.77
"1904","COPS38XX",0.7
"1905","COPS01XX",NA
"1905","COPS02XX",1.34
"1905","COPS03AX",NA
"1905","COPS05XX",NA
"1905","COPS06XX",1.31
"1905","COPS07XX",1.11
"1905","COPS08XX",1.9
"1905","COPS09XX",0.85
"1905","COPS10XX",0.67
"1905","COPS11XX",0.54
"1905","COPS12XX",0.45
"1905","COPS13XX",0.58
"1905","COPS14XX",0.62
"1905","COPS15XX",0.96
"1905","COPS16XX",0.78
"1905","COPS17XX",0.24
"1905","COPS18XX",0.58
"1905","COPS19XX",0.71
"1905","COPS20XX",0.76
"1905","COPS21XX",1.2
"1905","COPS22XX",0.49
"1905","COPS23XX",0.19
"1905","COPS25AX",NA
"1905","COPS26AX",NA
"1905","COPS27XX",0.22
"1905","COPS28XX",0.81
"1905","COPS29XX",1.44
"1905","COPS30XX",2.11
"1905","COPS31XX",0.17
"1905","COPS32AX",NA
"1905","COPS33XX",0.5
"1905","COPS34XX",0.45
"1905","COPS35XX",0.64
"1905","COPS36AX",NA
"1905","COPS37XX",0.54
"1905","COPS38XX",0.43
"1906","COPS01XX",NA
"1906","COPS02XX",2.11
"1906","COPS03AX",NA
"1906","COPS05XX",NA
"1906","COPS06XX",1.99
"1906","COPS07XX",1.49
"1906","COPS08XX",2.11
"1906","COPS09XX",1.04
"1906","COPS10XX",1.01
"1906","COPS11XX",0.72
"1906","COPS12XX",0.81
"1906","COPS13XX",0.72
"1906","COPS14XX",1.42
"1906","COPS15XX",1.68
"1906","COPS16XX",0.8
"1906","COPS17XX",0.42
"1906","COPS18XX",1.2
"1906","COPS19XX",1.02
"1906","COPS20XX",1.1
"1906","COPS21XX",1.76
"1906","COPS22XX",1.13
"1906","COPS23XX",0.49
"1906","COPS25AX",NA
"1906","COPS26AX",NA
"1906","COPS27XX",0.45
"1906","COPS28XX",1.16
"1906","COPS29XX",2.46
"1906","COPS30XX",2.71
"1906","COPS31XX",0.01
"1906","COPS32AX",NA
"1906","COPS33XX",0.97
"1906","COPS34XX",0.72
"1906","COPS35XX",0.67
"1906","COPS36AX",NA
"1906","COPS37XX",0.75
"1906","COPS38XX",0.85
"1907","COPS01XX",NA
"1907","COPS02XX",1.79
"1907","COPS03AX",NA
"1907","COPS05XX",NA
"1907","COPS06XX",1.78
"1907","COPS07XX",0.8
"1907","COPS08XX",1.42
"1907","COPS09XX",1.4
"1907","COPS10XX",0.85
"1907","COPS11XX",1.11
"1907","COPS12XX",0.81
"1907","COPS13XX",0.83
"1907","COPS14XX",0.51
"1907","COPS15XX",0.98
"1907","COPS16XX",0.52
"1907","COPS17XX",0.35
"1907","COPS18XX",1.14
"1907","COPS19XX",0.85
"1907","COPS20XX",0.86
"1907","COPS21XX",1.97
"1907","COPS22XX",1.05
"1907","COPS23XX",0.42
"1907","COPS25AX",NA
"1907","COPS26AX",NA
"1907","COPS27XX",0.41
"1907","COPS28XX",1.02
"1907","COPS29XX",1.09
"1907","COPS30XX",1.93
"1907","COPS31XX",0.3
"1907","COPS32AX",NA
"1907","COPS33XX",0.97
"1907","COPS34XX",0.81
"1907","COPS35XX",0.66
"1907","COPS36AX",NA
"1907","COPS37XX",0.63
"1907","COPS38XX",0.7
"1908","COPS01XX",NA
"1908","COPS02XX",2.45
"1908","COPS03AX",NA
"1908","COPS05XX",NA
"1908","COPS06XX",2.56
"1908","COPS07XX",1.29
"1908","COPS08XX",0.92
"1908","COPS09XX",2.26
"1908","COPS10XX",1.8
"1908","COPS11XX",1.35
"1908","COPS12XX",1.18
"1908","COPS13XX",1.25
"1908","COPS14XX",1.39
"1908","COPS15XX",1.39
"1908","COPS16XX",1.48
"1908","COPS17XX",0.73
"1908","COPS18XX",1.17
"1908","COPS19XX",0.95
"1908","COPS20XX",1.4
"1908","COPS21XX",2.68
"1908","COPS22XX",1.52
"1908","COPS23XX",0.54
"1908","COPS25AX",NA
"1908","COPS26AX",NA
"1908","COPS27XX",0.8
"1908","COPS28XX",2.24
"1908","COPS29XX",1.46
"1908","COPS30XX",3.87
"1908","COPS31XX",0.46
"1908","COPS32AX",NA
"1908","COPS33XX",1.03
"1908","COPS34XX",1.56
"1908","COPS35XX",1.15
"1908","COPS36AX",NA
"1908","COPS37XX",1.37
"1908","COPS38XX",0.96
"1909","COPS01XX",NA
"1909","COPS02XX",1.59
"1909","COPS03AX",NA
"1909","COPS05XX",NA
"1909","COPS06XX",1.91
"1909","COPS07XX",0.85
"1909","COPS08XX",1.72
"1909","COPS09XX",1.34
"1909","COPS10XX",0.71
"1909","COPS11XX",1.39
"1909","COPS12XX",0.88
"1909","COPS13XX",0.94
"1909","COPS14XX",0.65
"1909","COPS15XX",1.08
"1909","COPS16XX",1.63
"1909","COPS17XX",0.41
"1909","COPS18XX",0.92
"1909","COPS19XX",0.54
"1909","COPS20XX",0.59
"1909","COPS21XX",2.31
"1909","COPS22XX",1.23
"1909","COPS23XX",0.36
"1909","COPS25AX",NA
"1909","COPS26AX",NA
"1909","COPS27XX",0.54
"1909","COPS28XX",1.3
"1909","COPS29XX",1.51
"1909","COPS30XX",2.72
"1909","COPS31XX",0.01
"1909","COPS32AX",NA
"1909","COPS33XX",0.71
"1909","COPS34XX",1.21
"1909","COPS35XX",0.82
"1909","COPS36AX",NA
"1909","COPS37XX",1.2
"1909","COPS38XX",0.53
"1910","COPS01XX",NA
"1910","COPS02XX",1.14
"1910","COPS03AX",NA
"1910","COPS05XX",NA
"1910","COPS06XX",1.18
"1910","COPS07XX",0.53
"1910","COPS08XX",1.56
"1910","COPS09XX",1.13
"1910","COPS10XX",0.73
"1910","COPS11XX",1.14
"1910","COPS12XX",0.82
"1910","COPS13XX",0.69
"1910","COPS14XX",0.67
"1910","COPS15XX",0.92
"1910","COPS16XX",1.1
"1910","COPS17XX",0.3
"1910","COPS18XX",0.9
"1910","COPS19XX",0.71
"1910","COPS20XX",0.45
"1910","COPS21XX",1.15
"1910","COPS22XX",0.71
"1910","COPS23XX",0.29
"1910","COPS25AX",NA
"1910","COPS26AX",NA
"1910","COPS27XX",0.53
"1910","COPS28XX",0.69
"1910","COPS29XX",1.8
"1910","COPS30XX",1.6
"1910","COPS31XX",0.27
"1910","COPS32AX",NA
"1910","COPS33XX",0.64
"1910","COPS34XX",0.77
"1910","COPS35XX",0.59
"1910","COPS36AX",NA
"1910","COPS37XX",0.96
"1910","COPS38XX",0.58
"1911","COPS01XX",NA
"1911","COPS02XX",2.03
"1911","COPS03AX",NA
"1911","COPS05XX",NA
"1911","COPS06XX",2.5
"1911","COPS07XX",1.76
"1911","COPS08XX",1.6
"1911","COPS09XX",2.27
"1911","COPS10XX",1.17
"1911","COPS11XX",1.13
"1911","COPS12XX",1.25
"1911","COPS13XX",0.89
"1911","COPS14XX",1.13
"1911","COPS15XX",1.45
"1911","COPS16XX",1.71
"1911","COPS17XX",0.44
"1911","COPS18XX",0.96
"1911","COPS19XX",0.71
"1911","COPS20XX",0.91
"1911","COPS21XX",2.37
"1911","COPS22XX",1.02
"1911","COPS23XX",0.65
"1911","COPS25AX",NA
"1911","COPS26AX",NA
"1911","COPS27XX",0.58
"1911","COPS28XX",2.11
"1911","COPS29XX",1.78
"1911","COPS30XX",2.78
"1911","COPS31XX",0.44
"1911","COPS32AX",NA
"1911","COPS33XX",0.85
"1911","COPS34XX",1.59
"1911","COPS35XX",1.18
"1911","COPS36AX",NA
"1911","COPS37XX",0.99
"1911","COPS38XX",0.49
"1912","COPS01XX",NA
"1912","COPS02XX",0.51
"1912","COPS03AX",NA
"1912","COPS05XX",NA
"1912","COPS06XX",0.58
"1912","COPS07XX",0.25
"1912","COPS08XX",0.46
"1912","COPS09XX",0.67
"1912","COPS10XX",0.44
"1912","COPS11XX",0.42
"1912","COPS12XX",0.24
"1912","COPS13XX",0.33
"1912","COPS14XX",0.17
"1912","COPS15XX",0.22
"1912","COPS16XX",0.57
"1912","COPS17XX",0.19
"1912","COPS18XX",0.32
"1912","COPS19XX",0.16
"1912","COPS20XX",0.25
"1912","COPS21XX",0.41
"1912","COPS22XX",0.26
"1912","COPS23XX",0.04
"1912","COPS25AX",NA
"1912","COPS26AX",NA
"1912","COPS27XX",0.14
"1912","COPS28XX",0.36
"1912","COPS29XX",1.03
"1912","COPS30XX",0.31
"1912","COPS31XX",0.01
"1912","COPS32AX",NA
"1912","COPS33XX",0.17
"1912","COPS34XX",0.39
"1912","COPS35XX",0.33
"1912","COPS36AX",NA
"1912","COPS37XX",0.12
"1912","COPS38XX",0.06
"1913","COPS01XX",1.62
"1913","COPS02XX",1.25
"1913","COPS03AX",NA
"1913","COPS05XX",NA
"1913","COPS06XX",0.94
"1913","COPS07XX",0.44
"1913","COPS08XX",0.6
"1913","COPS09XX",1.04
"1913","COPS10XX",0.71
"1913","COPS11XX",0.37
"1913","COPS12XX",0.55
"1913","COPS13XX",0.63
"1913","COPS14XX",0.36
"1913","COPS15XX",0.67
"1913","COPS16XX",0.57
"1913","COPS17XX",0.14
"1913","COPS18XX",0.58
"1913","COPS19XX",0.38
"1913","COPS20XX",0.36
"1913","COPS21XX",0.87
"1913","COPS22XX",0.4
"1913","COPS23XX",0.27
"1913","COPS25AX",NA
"1913","COPS26AX",NA
"1913","COPS27XX",0.3
"1913","COPS28XX",0.53
"1913","COPS29XX",1.77
"1913","COPS30XX",1.49
"1913","COPS31XX",0.23
"1913","COPS32AX",NA
"1913","COPS33XX",0.29
"1913","COPS34XX",0.42
"1913","COPS35XX",0.6
"1913","COPS36AX",NA
"1913","COPS37XX",0.47
"1913","COPS38XX",0.33
"1914","COPS01XX",2.28
"1914","COPS02XX",1.62
"1914","COPS03AX",NA
"1914","COPS05XX",NA
"1914","COPS06XX",0.86
"1914","COPS07XX",0.46
"1914","COPS08XX",0.7
"1914","COPS09XX",1.14
"1914","COPS10XX",0.64
"1914","COPS11XX",0.57
"1914","COPS12XX",0.61
"1914","COPS13XX",0.5
"1914","COPS14XX",0.4
"1914","COPS15XX",0.71
"1914","COPS16XX",0.35
"1914","COPS17XX",0.26
"1914","COPS18XX",0.46
"1914","COPS19XX",0.22
"1914","COPS20XX",0.01
"1914","COPS21XX",1.34
"1914","COPS22XX",0.36
"1914","COPS23XX",0.2
"1914","COPS25AX",NA
"1914","COPS26AX",NA
"1914","COPS27XX",0.3
"1914","COPS28XX",0.48
"1914","COPS29XX",0.44
"1914","COPS30XX",1.52
"1914","COPS31XX",0.17
"1914","COPS32AX",NA
"1914","COPS33XX",0.35
"1914","COPS34XX",0.68
"1914","COPS35XX",0.62
"1914","COPS36AX",NA
"1914","COPS37XX",0.45
"1914","COPS38XX",0.28
"1915","COPS01XX",3.87
"1915","COPS02XX",1.95
"1915","COPS03AX",NA
"1915","COPS05XX",NA
"1915","COPS06XX",1.35
"1915","COPS07XX",0.8
"1915","COPS08XX",0.81
"1915","COPS09XX",1.68
"1915","COPS10XX",0.88
"1915","COPS11XX",1.14
"1915","COPS12XX",1
"1915","COPS13XX",0.99
"1915","COPS14XX",0.84
"1915","COPS15XX",1.4
"1915","COPS16XX",0.67
"1915","COPS17XX",0.26
"1915","COPS18XX",0.58
"1915","COPS19XX",0.56
"1915","COPS20XX",0.64
"1915","COPS21XX",1.89
"1915","COPS22XX",0.93
"1915","COPS23XX",0.56
"1915","COPS25AX",NA
"1915","COPS26AX",NA
"1915","COPS27XX",0.49
"1915","COPS28XX",0.78
"1915","COPS29XX",0.87
"1915","COPS30XX",3.03
"1915","COPS31XX",0.31
"1915","COPS32AX",NA
"1915","COPS33XX",0.56
"1915","COPS34XX",1.11
"1915","COPS35XX",1.17
"1915","COPS36AX",NA
"1915","COPS37XX",0.54
"1915","COPS38XX",0.58
"1916","COPS01XX",2.06
"1916","COPS02XX",1.23
"1916","COPS03AX",NA
"1916","COPS05XX",NA
"1916","COPS06XX",0.7
"1916","COPS07XX",0.52
"1916","COPS08XX",1.08
"1916","COPS09XX",0.72
"1916","COPS10XX",0.61
"1916","COPS11XX",0.5
"1916","COPS12XX",0.7
"1916","COPS13XX",0.71
"1916","COPS14XX",0.57
"1916","COPS15XX",0.7
"1916","COPS16XX",0.72
"1916","COPS17XX",0.34
"1916","COPS18XX",0.36
"1916","COPS19XX",0.46
"1916","COPS20XX",0.32
"1916","COPS21XX",1.37
"1916","COPS22XX",0.65
"1916","COPS23XX",0.43
"1916","COPS25AX",NA
"1916","COPS26AX",NA
"1916","COPS27XX",0.58
"1916","COPS28XX",0.62
"1916","COPS29XX",0.85
"1916","COPS30XX",1.22
"1916","COPS31XX",0.54
"1916","COPS32AX",NA
"1916","COPS33XX",0.6
"1916","COPS34XX",1.1
"1916","COPS35XX",0.45
"1916","COPS36AX",NA
"1916","COPS37XX",0.42
"1916","COPS38XX",0.7
"1917","COPS01XX",2.71
"1917","COPS02XX",1.66
"1917","COPS03AX",NA
"1917","COPS05XX",NA
"1917","COPS06XX",1.54
"1917","COPS07XX",0.66
"1917","COPS08XX",0.93
"1917","COPS09XX",1.01
"1917","COPS10XX",1.37
"1917","COPS11XX",0.61
"1917","COPS12XX",0.89
"1917","COPS13XX",0.86
"1917","COPS14XX",0.61
"1917","COPS15XX",1.13
"1917","COPS16XX",0.97
"1917","COPS17XX",0.24
"1917","COPS18XX",0.53
"1917","COPS19XX",0.69
"1917","COPS20XX",0.3
"1917","COPS21XX",1.81
"1917","COPS22XX",0.56
"1917","COPS23XX",0.56
"1917","COPS25AX",NA
"1917","COPS26AX",NA
"1917","COPS27XX",0.7
"1917","COPS28XX",1.05
"1917","COPS29XX",0.71
"1917","COPS30XX",1.74
"1917","COPS31XX",0.73
"1917","COPS32AX",NA
"1917","COPS33XX",0.67
"1917","COPS34XX",1.29
"1917","COPS35XX",0.82
"1917","COPS36AX",NA
"1917","COPS37XX",0.52
"1917","COPS38XX",0.94
"1918","COPS01XX",2.25
"1918","COPS02XX",1.28
"1918","COPS03AX",NA
"1918","COPS05XX",NA
"1918","COPS06XX",0.66
"1918","COPS07XX",0.54
"1918","COPS08XX",0.68
"1918","COPS09XX",0.54
"1918","COPS10XX",0.71
"1918","COPS11XX",0.47
"1918","COPS12XX",0.81
"1918","COPS13XX",0.64
"1918","COPS14XX",0.4
"1918","COPS15XX",0.8
"1918","COPS16XX",0.87
"1918","COPS17XX",0.22
"1918","COPS18XX",0.5
"1918","COPS19XX",0.44
"1918","COPS20XX",0.26
"1918","COPS21XX",1.48
"1918","COPS22XX",0.56
"1918","COPS23XX",0.36
"1918","COPS25AX",NA
"1918","COPS26AX",NA
"1918","COPS27XX",0.6
"1918","COPS28XX",0.56
"1918","COPS29XX",0.88
"1918","COPS30XX",1.41
"1918","COPS31XX",0.5
"1918","COPS32AX",NA
"1918","COPS33XX",0.56
"1918","COPS34XX",1.21
"1918","COPS35XX",0.61
"1918","COPS36AX",NA
"1918","COPS37XX",0.51
"1918","COPS38XX",0.79
"1919","COPS01XX",2.79
"1919","COPS02XX",1.22
"1919","COPS03AX",NA
"1919","COPS05XX",NA
"1919","COPS06XX",0.9
"1919","COPS07XX",0.87
"1919","COPS08XX",0.99
"1919","COPS09XX",0.85
"1919","COPS10XX",0.9
"1919","COPS11XX",0.62
"1919","COPS12XX",0.93
"1919","COPS13XX",0.46
"1919","COPS14XX",0.67
"1919","COPS15XX",1.09
"1919","COPS16XX",1.04
"1919","COPS17XX",0.23
"1919","COPS18XX",0.51
"1919","COPS19XX",0.63
"1919","COPS20XX",0.44
"1919","COPS21XX",1.72
"1919","COPS22XX",0.77
"1919","COPS23XX",0.4
"1919","COPS25AX",NA
"1919","COPS26AX",NA
"1919","COPS27XX",0.87
"1919","COPS28XX",1.2
"1919","COPS29XX",0.84
"1919","COPS30XX",2.85
"1919","COPS31XX",0.52
"1919","COPS32AX",NA
"1919","COPS33XX",0.3
"1919","COPS34XX",1.26
"1919","COPS35XX",0.93
"1919","COPS36AX",NA
"1919","COPS37XX",0.4
"1919","COPS38XX",0.76
"1920","COPS01XX",2.49
"1920","COPS02XX",1.42
"1920","COPS03AX",NA
"1920","COPS05XX",NA
"1920","COPS06XX",0.42
"1920","COPS07XX",0.54
"1920","COPS08XX",0.87
"1920","COPS09XX",0.63
"1920","COPS10XX",0.8
"1920","COPS11XX",0.5
"1920","COPS12XX",0.52
"1920","COPS13XX",0.36
"1920","COPS14XX",0.38
"1920","COPS15XX",0.79
"1920","COPS16XX",0.95
"1920","COPS17XX",0.31
"1920","COPS18XX",0.31
"1920","COPS19XX",0.48
"1920","COPS20XX",0.27
"1920","COPS21XX",1.36
"1920","COPS22XX",0.8
"1920","COPS23XX",0.25
"1920","COPS25AX",NA
"1920","COPS26AX",NA
"1920","COPS27XX",0.47
"1920","COPS28XX",0.5
"1920","COPS29XX",1.54
"1920","COPS30XX",1.56
"1920","COPS31XX",0.32
"1920","COPS32AX",NA
"1920","COPS33XX",0.68
"1920","COPS34XX",1.01
"1920","COPS35XX",0.73
"1920","COPS36AX",NA
"1920","COPS37XX",0.34
"1920","COPS38XX",0.88
"1921","COPS01XX",2.39
"1921","COPS02XX",1.27
"1921","COPS03AX",NA
"1921","COPS05XX",NA
"1921","COPS06XX",0.95
"1921","COPS07XX",0.79
"1921","COPS08XX",1.47
"1921","COPS09XX",1.22
"1921","COPS10XX",1.14
"1921","COPS11XX",0.81
"1921","COPS12XX",1.02
"1921","COPS13XX",0.6
"1921","COPS14XX",0.34
"1921","COPS15XX",1.06
"1921","COPS16XX",1.41
"1921","COPS17XX",0.2
"1921","COPS18XX",0.39
"1921","COPS19XX",0.53
"1921","COPS20XX",0.48
"1921","COPS21XX",1.47
"1921","COPS22XX",0.81
"1921","COPS23XX",0.28
"1921","COPS25AX",NA
"1921","COPS26AX",NA
"1921","COPS27XX",0.85
"1921","COPS28XX",0.92
"1921","COPS29XX",1.1
"1921","COPS30XX",1.71
"1921","COPS31XX",0.46
"1921","COPS32AX",NA
"1921","COPS33XX",0.89
"1921","COPS34XX",1.28
"1921","COPS35XX",0.81
"1921","COPS36AX",NA
"1921","COPS37XX",0.61
"1921","COPS38XX",0.71
"1922","COPS01XX",2.32
"1922","COPS02XX",1.53
"1922","COPS03AX",NA
"1922","COPS05XX",NA
"1922","COPS06XX",1.05
"1922","COPS07XX",0.57
"1922","COPS08XX",1.15
"1922","COPS09XX",1.11
"1922","COPS10XX",0.89
"1922","COPS11XX",0.92
"1922","COPS12XX",0.8
"1922","COPS13XX",0.59
"1922","COPS14XX",0.47
"1922","COPS15XX",0.95
"1922","COPS16XX",1.11
"1922","COPS17XX",0.13
"1922","COPS18XX",0.59
"1922","COPS19XX",0.51
"1922","COPS20XX",0.46
"1922","COPS21XX",1.86
"1922","COPS22XX",1.01
"1922","COPS23XX",0.56
"1922","COPS25AX",NA
"1922","COPS26AX",NA
"1922","COPS27XX",0.81
"1922","COPS28XX",0.93
"1922","COPS29XX",1.54
"1922","COPS30XX",1.76
"1922","COPS31XX",0.37
"1922","COPS32AX",NA
"1922","COPS33XX",0.8
"1922","COPS34XX",1.07
"1922","COPS35XX",0.53
"1922","COPS36AX",NA
"1922","COPS37XX",0.57
"1922","COPS38XX",0.73
"1923","COPS01XX",1.66
"1923","COPS02XX",1.35
"1923","COPS03AX",NA
"1923","COPS05XX",NA
"1923","COPS06XX",0.68
"1923","COPS07XX",0.61
"1923","COPS08XX",1.04
"1923","COPS09XX",0.9
"1923","COPS10XX",0.63
"1923","COPS11XX",0.76
"1923","COPS12XX",0.63
"1923","COPS13XX",0.45
"1923","COPS14XX",0.24
"1923","COPS15XX",0.84
"1923","COPS16XX",1.07
"1923","COPS17XX",0.23
"1923","COPS18XX",0.55
"1923","COPS19XX",0.41
"1923","COPS20XX",0.34
"1923","COPS21XX",1.56
"1923","COPS22XX",1.02
"1923","COPS23XX",0.46
"1923","COPS25AX",NA
"1923","COPS26AX",NA
"1923","COPS27XX",0.67
"1923","COPS28XX",0.76
"1923","COPS29XX",1.35
"1923","COPS30XX",1.72
"1923","COPS31XX",0.4
"1923","COPS32AX",NA
"1923","COPS33XX",0.37
"1923","COPS34XX",0.98
"1923","COPS35XX",0.57
"1923","COPS36AX",NA
"1923","COPS37XX",0.46
"1923","COPS38XX",0.56
"1924","COPS01XX",1.77
"1924","COPS02XX",1.05
"1924","COPS03AX",NA
"1924","COPS05XX",NA
"1924","COPS06XX",0.64
"1924","COPS07XX",0.76
"1924","COPS08XX",0.96
"1924","COPS09XX",0.89
"1924","COPS10XX",0.52
"1924","COPS11XX",0.64
"1924","COPS12XX",0.58
"1924","COPS13XX",0.28
"1924","COPS14XX",0.32
"1924","COPS15XX",0.19
"1924","COPS16XX",1
"1924","COPS17XX",0.06
"1924","COPS18XX",0.43
"1924","COPS19XX",0.42
"1924","COPS20XX",0.28
"1924","COPS21XX",1.2
"1924","COPS22XX",0.8
"1924","COPS23XX",0.23
"1924","COPS25AX",NA
"1924","COPS26AX",NA
"1924","COPS27XX",0.51
"1924","COPS28XX",0.82
"1924","COPS29XX",1.2
"1924","COPS30XX",1.65
"1924","COPS31XX",0.56
"1924","COPS32AX",NA
"1924","COPS33XX",0.46
"1924","COPS34XX",0.73
"1924","COPS35XX",0.47
"1924","COPS36AX",NA
"1924","COPS37XX",0.25
"1924","COPS38XX",0.49
"1925","COPS01XX",0.01
"1925","COPS02XX",0.36
"1925","COPS03AX",NA
"1925","COPS05XX",NA
"1925","COPS06XX",0.01
"1925","COPS07XX",0.01
"1925","COPS08XX",0.01
"1925","COPS09XX",0.01
"1925","COPS10XX",0.27
"1925","COPS11XX",0.01
"1925","COPS12XX",0.01
"1925","COPS13XX",0.01
"1925","COPS14XX",0.01
"1925","COPS15XX",0.01
"1925","COPS16XX",0.29
"1925","COPS17XX",0.01
"1925","COPS18XX",0.01
"1925","COPS19XX",0.01
"1925","COPS20XX",0.01
"1925","COPS21XX",0.26
"1925","COPS22XX",0.01
"1925","COPS23XX",0.01
"1925","COPS25AX",NA
"1925","COPS26AX",NA
"1925","COPS27XX",0.01
"1925","COPS28XX",0.01
"1925","COPS29XX",0.01
"1925","COPS30XX",0.01
"1925","COPS31XX",0.01
"1925","COPS32AX",NA
"1925","COPS33XX",0.01
"1925","COPS34XX",0.01
"1925","COPS35XX",0.16
"1925","COPS36AX",NA
"1925","COPS37XX",0.01
"1925","COPS38XX",0.01
"1926","COPS01XX",0.34
"1926","COPS02XX",0.47
"1926","COPS03AX",NA
"1926","COPS05XX",NA
"1926","COPS06XX",0.12
"1926","COPS07XX",0.22
"1926","COPS08XX",0.36
"1926","COPS09XX",0.16
"1926","COPS10XX",0.31
"1926","COPS11XX",0.08
"1926","COPS12XX",0.01
"1926","COPS13XX",0.01
"1926","COPS14XX",0.01
"1926","COPS15XX",0.01
"1926","COPS16XX",0.19
"1926","COPS17XX",0.06
"1926","COPS18XX",0.22
"1926","COPS19XX",0.09
"1926","COPS20XX",0.14
"1926","COPS21XX",0.6
"1926","COPS22XX",0.21
"1926","COPS23XX",0.01
"1926","COPS25AX",NA
"1926","COPS26AX",NA
"1926","COPS27XX",0.12
"1926","COPS28XX",0.14
"1926","COPS29XX",0.12
"1926","COPS30XX",0.54
"1926","COPS31XX",0.08
"1926","COPS32AX",NA
"1926","COPS33XX",0.05
"1926","COPS34XX",0.14
"1926","COPS35XX",0.09
"1926","COPS36AX",NA
"1926","COPS37XX",0.01
"1926","COPS38XX",0.01
"1927","COPS01XX",0.4
"1927","COPS02XX",0.55
"1927","COPS03AX",NA
"1927","COPS05XX",NA
"1927","COPS06XX",0.1
"1927","COPS07XX",0.33
"1927","COPS08XX",0.36
"1927","COPS09XX",0.19
"1927","COPS10XX",0.41
"1927","COPS11XX",0.15
"1927","COPS12XX",0.24
"1927","COPS13XX",0.01
"1927","COPS14XX",0.01
"1927","COPS15XX",0.22
"1927","COPS16XX",0.26
"1927","COPS17XX",0.1
"1927","COPS18XX",0.18
"1927","COPS19XX",0.18
"1927","COPS20XX",0.17
"1927","COPS21XX",0.48
"1927","COPS22XX",0.64
"1927","COPS23XX",0.04
"1927","COPS25AX",NA
"1927","COPS26AX",NA
"1927","COPS27XX",0.17
"1927","COPS28XX",0.27
"1927","COPS29XX",0.18
"1927","COPS30XX",0.43
"1927","COPS31XX",0.21
"1927","COPS32AX",NA
"1927","COPS33XX",0.1
"1927","COPS34XX",0.31
"1927","COPS35XX",0.21
"1927","COPS36AX",NA
"1927","COPS37XX",0.01
"1927","COPS38XX",0.01
"1928","COPS01XX",0.39
"1928","COPS02XX",0.65
"1928","COPS03AX",NA
"1928","COPS05XX",NA
"1928","COPS06XX",0.08
"1928","COPS07XX",0.33
"1928","COPS08XX",0.49
"1928","COPS09XX",0.31
"1928","COPS10XX",0.44
"1928","COPS11XX",0.35
"1928","COPS12XX",0.07
"1928","COPS13XX",0.14
"1928","COPS14XX",0.13
"1928","COPS15XX",0.18
"1928","COPS16XX",0.19
"1928","COPS17XX",0.09
"1928","COPS18XX",0.17
"1928","COPS19XX",0.05
"1928","COPS20XX",0.17
"1928","COPS21XX",0.52
"1928","COPS22XX",0.51
"1928","COPS23XX",0.15
"1928","COPS25AX",NA
"1928","COPS26AX",NA
"1928","COPS27XX",0.32
"1928","COPS28XX",0.3
"1928","COPS29XX",0.45
"1928","COPS30XX",0.7
"1928","COPS31XX",0.3
"1928","COPS32AX",NA
"1928","COPS33XX",0.1
"1928","COPS34XX",0.41
"1928","COPS35XX",0.25
"1928","COPS36AX",NA
"1928","COPS37XX",0.01
"1928","COPS38XX",0.1
"1929","COPS01XX",0.45
"1929","COPS02XX",0.61
"1929","COPS03AX",NA
"1929","COPS05XX",NA
"1929","COPS06XX",0.15
"1929","COPS07XX",0.37
"1929","COPS08XX",0.36
"1929","COPS09XX",0.35
"1929","COPS10XX",0.4
"1929","COPS11XX",0.58
"1929","COPS12XX",0.12
"1929","COPS13XX",0.25
"1929","COPS14XX",0.12
"1929","COPS15XX",0.15
"1929","COPS16XX",0.26
"1929","COPS17XX",0.1
"1929","COPS18XX",0.34
"1929","COPS19XX",0.11
"1929","COPS20XX",0.25
"1929","COPS21XX",0.88
"1929","COPS22XX",0.32
"1929","COPS23XX",0.03
"1929","COPS25AX",NA
"1929","COPS26AX",NA
"1929","COPS27XX",0.24
"1929","COPS28XX",0.21
"1929","COPS29XX",0.76
"1929","COPS30XX",0.87
"1929","COPS31XX",0.25
"1929","COPS32AX",NA
"1929","COPS33XX",0.1
"1929","COPS34XX",0.62
"1929","COPS35XX",0.4
"1929","COPS36AX",NA
"1929","COPS37XX",0.13
"1929","COPS38XX",0.11
"1930","COPS01XX",0.62
"1930","COPS02XX",0.73
"1930","COPS03AX",NA
"1930","COPS05XX",NA
"1930","COPS06XX",0.38
"1930","COPS07XX",0.53
"1930","COPS08XX",0.54
"1930","COPS09XX",0.51
"1930","COPS10XX",0.71
"1930","COPS11XX",0.88
"1930","COPS12XX",0.28
"1930","COPS13XX",0.06
"1930","COPS14XX",0.16
"1930","COPS15XX",0.34
"1930","COPS16XX",0.53
"1930","COPS17XX",0.17
"1930","COPS18XX",0.4
"1930","COPS19XX",0.16
"1930","COPS20XX",0.16
"1930","COPS21XX",1.49
"1930","COPS22XX",0.39
"1930","COPS23XX",0.12
"1930","COPS25AX",NA
"1930","COPS26AX",NA
"1930","COPS27XX",0.43
"1930","COPS28XX",0.36
"1930","COPS29XX",0.55
"1930","COPS30XX",0.57
"1930","COPS31XX",0.51
"1930","COPS32AX",NA
"1930","COPS33XX",0.07
"1930","COPS34XX",0.89
"1930","COPS35XX",0.53
"1930","COPS36AX",NA
"1930","COPS37XX",0.08
"1930","COPS38XX",0.1
"1931","COPS01XX",0.44
"1931","COPS02XX",0.33
"1931","COPS03AX",NA
"1931","COPS05XX",NA
"1931","COPS06XX",0.13
"1931","COPS07XX",0.24
"1931","COPS08XX",0.19
"1931","COPS09XX",0.36
"1931","COPS10XX",0.36
"1931","COPS11XX",0.39
"1931","COPS12XX",0.33
"1931","COPS13XX",0.17
"1931","COPS14XX",0.2
"1931","COPS15XX",0.14
"1931","COPS16XX",0.23
"1931","COPS17XX",0.04
"1931","COPS18XX",0.21
"1931","COPS19XX",0.06
"1931","COPS20XX",0.16
"1931","COPS21XX",0.51
"1931","COPS22XX",0.14
"1931","COPS23XX",0.1
"1931","COPS25AX",NA
"1931","COPS26AX",NA
"1931","COPS27XX",0.25
"1931","COPS28XX",0.17
"1931","COPS29XX",0.87
"1931","COPS30XX",0.78
"1931","COPS31XX",0.21
"1931","COPS32AX",NA
"1931","COPS33XX",0.17
"1931","COPS34XX",0.35
"1931","COPS35XX",0.32
"1931","COPS36AX",NA
"1931","COPS37XX",0.09
"1931","COPS38XX",0.11
"1932","COPS01XX",0.5
"1932","COPS02XX",0.4
"1932","COPS03AX",NA
"1932","COPS05XX",NA
"1932","COPS06XX",0.08
"1932","COPS07XX",0.3
"1932","COPS08XX",0.17
"1932","COPS09XX",0.51
"1932","COPS10XX",0.47
"1932","COPS11XX",0.36
"1932","COPS12XX",0.34
"1932","COPS13XX",0.15
"1932","COPS14XX",0.25
"1932","COPS15XX",0.1
"1932","COPS16XX",0.25
"1932","COPS17XX",0.04
"1932","COPS18XX",0.33
"1932","COPS19XX",0.07
"1932","COPS20XX",0.21
"1932","COPS21XX",0.57
"1932","COPS22XX",0.12
"1932","COPS23XX",0.15
"1932","COPS25AX",NA
"1932","COPS26AX",NA
"1932","COPS27XX",0.25
"1932","COPS28XX",0.32
"1932","COPS29XX",0.48
"1932","COPS30XX",0.31
"1932","COPS31XX",0.21
"1932","COPS32AX",NA
"1932","COPS33XX",0.07
"1932","COPS34XX",0.47
"1932","COPS35XX",0.37
"1932","COPS36AX",NA
"1932","COPS37XX",0.06
"1932","COPS38XX",0.24
"1933","COPS01XX",0.89
"1933","COPS02XX",0.49
"1933","COPS03AX",NA
"1933","COPS05XX",NA
"1933","COPS06XX",0.15
"1933","COPS07XX",0.67
"1933","COPS08XX",0.26
"1933","COPS09XX",0.46
"1933","COPS10XX",0.54
"1933","COPS11XX",0.49
"1933","COPS12XX",0.35
"1933","COPS13XX",0.08
"1933","COPS14XX",0.18
"1933","COPS15XX",0.4
"1933","COPS16XX",0.42
"1933","COPS17XX",0.11
"1933","COPS18XX",0.3
"1933","COPS19XX",0.06
"1933","COPS20XX",0.34
"1933","COPS21XX",0.58
"1933","COPS22XX",0.19
"1933","COPS23XX",0.1
"1933","COPS25AX",NA
"1933","COPS26AX",NA
"1933","COPS27XX",0.14
"1933","COPS28XX",0.6
"1933","COPS29XX",0.41
"1933","COPS30XX",0.21
"1933","COPS31XX",0.39
"1933","COPS32AX",NA
"1933","COPS33XX",0.07
"1933","COPS34XX",0.79
"1933","COPS35XX",0.47
"1933","COPS36AX",NA
"1933","COPS37XX",0.06
"1933","COPS38XX",0.19
"1934","COPS01XX",1.23
"1934","COPS02XX",0.47
"1934","COPS03AX",NA
"1934","COPS05XX",NA
"1934","COPS06XX",0.3
"1934","COPS07XX",0.63
"1934","COPS08XX",0.35
"1934","COPS09XX",0.58
"1934","COPS10XX",0.6
"1934","COPS11XX",0.85
"1934","COPS12XX",0.47
"1934","COPS13XX",0.22
"1934","COPS14XX",0.25
"1934","COPS15XX",0.45
"1934","COPS16XX",0.38
"1934","COPS17XX",0.18
"1934","COPS18XX",0.38
"1934","COPS19XX",0.21
"1934","COPS20XX",0.29
"1934","COPS21XX",0.9
"1934","COPS22XX",0.24
"1934","COPS23XX",0.06
"1934","COPS25AX",NA
"1934","COPS26AX",NA
"1934","COPS27XX",0.3
"1934","COPS28XX",0.49
"1934","COPS29XX",0.64
"1934","COPS30XX",0.4
"1934","COPS31XX",0.78
"1934","COPS32AX",NA
"1934","COPS33XX",0.15
"1934","COPS34XX",0.91
"1934","COPS35XX",0.29
"1934","COPS36AX",NA
"1934","COPS37XX",0.14
"1934","COPS38XX",0.14
"1935","COPS01XX",1.16
"1935","COPS02XX",0.45
"1935","COPS03AX",NA
"1935","COPS05XX",NA
"1935","COPS06XX",0.19
"1935","COPS07XX",0.23
"1935","COPS08XX",0.36
"1935","COPS09XX",0.71
"1935","COPS10XX",0.54
"1935","COPS11XX",0.6
"1935","COPS12XX",0.44
"1935","COPS13XX",0.22
"1935","COPS14XX",0.29
"1935","COPS15XX",0.36
"1935","COPS16XX",0.37
"1935","COPS17XX",0.14
"1935","COPS18XX",0.45
"1935","COPS19XX",0.24
"1935","COPS20XX",0.67
"1935","COPS21XX",1.18
"1935","COPS22XX",0.19
"1935","COPS23XX",0.1
"1935","COPS25AX",NA
"1935","COPS26AX",NA
"1935","COPS27XX",0.49
"1935","COPS28XX",0.39
"1935","COPS29XX",1.2
"1935","COPS30XX",0.27
"1935","COPS31XX",0.54
"1935","COPS32AX",NA
"1935","COPS33XX",0.2
"1935","COPS34XX",1
"1935","COPS35XX",0.27
"1935","COPS36AX",NA
"1935","COPS37XX",0.11
"1935","COPS38XX",0.16
"1936","COPS01XX",1.76
"1936","COPS02XX",0.95
"1936","COPS03AX",NA
"1936","COPS05XX",0.5
"1936","COPS06XX",0.37
"1936","COPS07XX",0.4
"1936","COPS08XX",0.36
"1936","COPS09XX",0.65
"1936","COPS10XX",0.65
"1936","COPS11XX",0.77
"1936","COPS12XX",0.52
"1936","COPS13XX",0.47
"1936","COPS14XX",0.19
"1936","COPS15XX",0.46
"1936","COPS16XX",0.62
"1936","COPS17XX",0.32
"1936","COPS18XX",0.53
"1936","COPS19XX",0.15
"1936","COPS20XX",0.37
"1936","COPS21XX",1.52
"1936","COPS22XX",0.34
"1936","COPS23XX",0.19
"1936","COPS25AX",NA
"1936","COPS26AX",NA
"1936","COPS27XX",0.67
"1936","COPS28XX",0.48
"1936","COPS29XX",0.87
"1936","COPS30XX",0.45
"1936","COPS31XX",0.85
"1936","COPS32AX",NA
"1936","COPS33XX",0.24
"1936","COPS34XX",1.27
"1936","COPS35XX",0.41
"1936","COPS36AX",NA
"1936","COPS37XX",0.21
"1936","COPS38XX",0.18
"1937","COPS01XX",1.41
"1937","COPS02XX",0.62
"1937","COPS03AX",NA
"1937","COPS05XX",0.15
"1937","COPS06XX",0.36
"1937","COPS07XX",0.61
"1937","COPS08XX",0.34
"1937","COPS09XX",0.58
"1937","COPS10XX",0.51
"1937","COPS11XX",0.57
"1937","COPS12XX",0.38
"1937","COPS13XX",0.34
"1937","COPS14XX",0.31
"1937","COPS15XX",0.35
"1937","COPS16XX",0.38
"1937","COPS17XX",0.22
"1937","COPS18XX",0.34
"1937","COPS19XX",0.22
"1937","COPS20XX",0.23
"1937","COPS21XX",1.28
"1937","COPS22XX",0.25
"1937","COPS23XX",0.15
"1937","COPS25AX",NA
"1937","COPS26AX",NA
"1937","COPS27XX",0.32
"1937","COPS28XX",0.55
"1937","COPS29XX",1.12
"1937","COPS30XX",0.33
"1937","COPS31XX",0.46
"1937","COPS32AX",NA
"1937","COPS33XX",0.14
"1937","COPS34XX",0.81
"1937","COPS35XX",0.25
"1937","COPS36AX",NA
"1937","COPS37XX",0.21
"1937","COPS38XX",0.11
"1938","COPS01XX",2.06
"1938","COPS02XX",1.14
"1938","COPS03AX",NA
"1938","COPS05XX",0.47
"1938","COPS06XX",0.74
"1938","COPS07XX",1.04
"1938","COPS08XX",1
"1938","COPS09XX",0.89
"1938","COPS10XX",0.86
"1938","COPS11XX",0.95
"1938","COPS12XX",0.93
"1938","COPS13XX",0.82
"1938","COPS14XX",0.54
"1938","COPS15XX",0.81
"1938","COPS16XX",0.71
"1938","COPS17XX",0.37
"1938","COPS18XX",0.78
"1938","COPS19XX",0.32
"1938","COPS20XX",0.36
"1938","COPS21XX",2.16
"1938","COPS22XX",0.5
"1938","COPS23XX",0.25
"1938","COPS25AX",NA
"1938","COPS26AX",NA
"1938","COPS27XX",0.98
"1938","COPS28XX",1.28
"1938","COPS29XX",1.16
"1938","COPS30XX",0.43
"1938","COPS31XX",0.82
"1938","COPS32AX",NA
"1938","COPS33XX",0.13
"1938","COPS34XX",1.19
"1938","COPS35XX",0.85
"1938","COPS36AX",NA
"1938","COPS37XX",0.34
"1938","COPS38XX",0.16
"1939","COPS01XX",1.91
"1939","COPS02XX",0.89
"1939","COPS03AX",NA
"1939","COPS05XX",0.36
"1939","COPS06XX",0.71
"1939","COPS07XX",0.81
"1939","COPS08XX",0.73
"1939","COPS09XX",0.75
"1939","COPS10XX",0.79
"1939","COPS11XX",0.82
"1939","COPS12XX",0.6
"1939","COPS13XX",0.57
"1939","COPS14XX",0.55
"1939","COPS15XX",0.52
"1939","COPS16XX",0.46
"1939","COPS17XX",0.32
"1939","COPS18XX",0.44
"1939","COPS19XX",0.25
"1939","COPS20XX",0.47
"1939","COPS21XX",1.97
"1939","COPS22XX",0.57
"1939","COPS23XX",0.22
"1939","COPS25AX",NA
"1939","COPS26AX",NA
"1939","COPS27XX",0.66
"1939","COPS28XX",0.45
"1939","COPS29XX",1.95
"1939","COPS30XX",0.31
"1939","COPS31XX",0.45
"1939","COPS32AX",NA
"1939","COPS33XX",0.06
"1939","COPS34XX",0.82
"1939","COPS35XX",0.66
"1939","COPS36AX",NA
"1939","COPS37XX",0.16
"1939","COPS38XX",0.14
"1940","COPS01XX",1.76
"1940","COPS02XX",1.81
"1940","COPS03AX",NA
"1940","COPS05XX",0.71
"1940","COPS06XX",0.81
"1940","COPS07XX",1.21
"1940","COPS08XX",1.2
"1940","COPS09XX",1.32
"1940","COPS10XX",1.69
"1940","COPS11XX",1.68
"1940","COPS12XX",0.91
"1940","COPS13XX",0.59
"1940","COPS14XX",1.14
"1940","COPS15XX",0.43
"1940","COPS16XX",1.22
"1940","COPS17XX",0.8
"1940","COPS18XX",0.85
"1940","COPS19XX",0.64
"1940","COPS20XX",0.8
"1940","COPS21XX",3.79
"1940","COPS22XX",0.94
"1940","COPS23XX",0.54
"1940","COPS25AX",NA
"1940","COPS26AX",0.26
"1940","COPS27XX",1.05
"1940","COPS28XX",1.74
"1940","COPS29XX",1
"1940","COPS30XX",0.96
"1940","COPS31XX",1.01
"1940","COPS32AX",NA
"1940","COPS33XX",0.27
"1940","COPS34XX",0.79
"1940","COPS35XX",0.83
"1940","COPS36AX",0.48
"1940","COPS37XX",0.46
"1940","COPS38XX",0.23
"1941","COPS01XX",1.62
"1941","COPS02XX",1.23
"1941","COPS03AX",NA
"1941","COPS05XX",0.57
"1941","COPS06XX",0.5
"1941","COPS07XX",1.04
"1941","COPS08XX",1.25
"1941","COPS09XX",1.44
"1941","COPS10XX",0.91
"1941","COPS11XX",1.6
"1941","COPS12XX",0.64
"1941","COPS13XX",0.95
"1941","COPS14XX",1.02
"1941","COPS15XX",0.26
"1941","COPS16XX",0.83
"1941","COPS17XX",0.68
"1941","COPS18XX",0.41
"1941","COPS19XX",0.6
"1941","COPS20XX",0.93
"1941","COPS21XX",2.73
"1941","COPS22XX",1.01
"1941","COPS23XX",0.63
"1941","COPS25AX",NA
"1941","COPS26AX",0.29
"1941","COPS27XX",1.17
"1941","COPS28XX",1.11
"1941","COPS29XX",0.62
"1941","COPS30XX",1.32
"1941","COPS31XX",0.91
"1941","COPS32AX",NA
"1941","COPS33XX",0.46
"1941","COPS34XX",0.65
"1941","COPS35XX",0.79
"1941","COPS36AX",0.36
"1941","COPS37XX",0.51
"1941","COPS38XX",0.28
"1942","COPS01XX",1.85
"1942","COPS02XX",1.11
"1942","COPS03AX",NA
"1942","COPS05XX",0.81
"1942","COPS06XX",0.5
"1942","COPS07XX",0.81
"1942","COPS08XX",0.94
"1942","COPS09XX",1
"1942","COPS10XX",0.8
"1942","COPS11XX",1.04
"1942","COPS12XX",0.66
"1942","COPS13XX",0.7
"1942","COPS14XX",0.77
"1942","COPS15XX",0.3
"1942","COPS16XX",0.93
"1942","COPS17XX",0.67
"1942","COPS18XX",0.9
"1942","COPS19XX",0.6
"1942","COPS20XX",0.86
"1942","COPS21XX",2.16
"1942","COPS22XX",0.77
"1942","COPS23XX",0.65
"1942","COPS25AX",NA
"1942","COPS26AX",0.2
"1942","COPS27XX",0.89
"1942","COPS28XX",1.27
"1942","COPS29XX",1.04
"1942","COPS30XX",1.14
"1942","COPS31XX",0.98
"1942","COPS32AX",NA
"1942","COPS33XX",0.46
"1942","COPS34XX",0.65
"1942","COPS35XX",0.74
"1942","COPS36AX",0.64
"1942","COPS37XX",0.53
"1942","COPS38XX",0.37
"1943","COPS01XX",1.2
"1943","COPS02XX",1
"1943","COPS03AX",0.74
"1943","COPS05XX",0.61
"1943","COPS06XX",0.32
"1943","COPS07XX",0.47
"1943","COPS08XX",1.03
"1943","COPS09XX",0.87
"1943","COPS10XX",0.64
"1943","COPS11XX",0.62
"1943","COPS12XX",0.52
"1943","COPS13XX",0.62
"1943","COPS14XX",0.4
"1943","COPS15XX",0.31
"1943","COPS16XX",0.94
"1943","COPS17XX",0.41
"1943","COPS18XX",0.62
"1943","COPS19XX",0.45
"1943","COPS20XX",0.55
"1943","COPS21XX",2.07
"1943","COPS22XX",0.56
"1943","COPS23XX",0.27
"1943","COPS25AX",NA
"1943","COPS26AX",0.13
"1943","COPS27XX",0.45
"1943","COPS28XX",0.84
"1943","COPS29XX",0.91
"1943","COPS30XX",0.34
"1943","COPS31XX",0.49
"1943","COPS32AX",NA
"1943","COPS33XX",0.26
"1943","COPS34XX",0.49
"1943","COPS35XX",0.77
"1943","COPS36AX",0.59
"1943","COPS37XX",0.38
"1943","COPS38XX",0.18
"1944","COPS01XX",2.42
"1944","COPS02XX",1.51
"1944","COPS03AX",0.59
"1944","COPS05XX",1.21
"1944","COPS06XX",0.48
"1944","COPS07XX",0.72
"1944","COPS08XX",1.38
"1944","COPS09XX",0.93
"1944","COPS10XX",0.77
"1944","COPS11XX",1.13
"1944","COPS12XX",0.91
"1944","COPS13XX",0.96
"1944","COPS14XX",0.82
"1944","COPS15XX",0.58
"1944","COPS16XX",1.43
"1944","COPS17XX",0.5
"1944","COPS18XX",0.74
"1944","COPS19XX",0.58
"1944","COPS20XX",0.95
"1944","COPS21XX",2.66
"1944","COPS22XX",0.78
"1944","COPS23XX",0.74
"1944","COPS25AX",NA
"1944","COPS26AX",0.38
"1944","COPS27XX",0.65
"1944","COPS28XX",0.69
"1944","COPS29XX",1.45
"1944","COPS30XX",1
"1944","COPS31XX",0.73
"1944","COPS32AX",0.29
"1944","COPS33XX",0.56
"1944","COPS34XX",1.16
"1944","COPS35XX",0.87
"1944","COPS36AX",0.5
"1944","COPS37XX",0.51
"1944","COPS38XX",0.36
"1945","COPS01XX",3.41
"1945","COPS02XX",1.23
"1945","COPS03AX",0.42
"1945","COPS05XX",1.12
"1945","COPS06XX",0.85
"1945","COPS07XX",0.95
"1945","COPS08XX",1.44
"1945","COPS09XX",1.21
"1945","COPS10XX",0.86
"1945","COPS11XX",1.1
"1945","COPS12XX",0.85
"1945","COPS13XX",0.97
"1945","COPS14XX",0.88
"1945","COPS15XX",0.82
"1945","COPS16XX",1.15
"1945","COPS17XX",0.47
"1945","COPS18XX",0.63
"1945","COPS19XX",0.55
"1945","COPS20XX",1.34
"1945","COPS21XX",2.15
"1945","COPS22XX",0.59
"1945","COPS23XX",0.91
"1945","COPS25AX",NA
"1945","COPS26AX",0.57
"1945","COPS27XX",0.65
"1945","COPS28XX",0.69
"1945","COPS29XX",1.66
"1945","COPS30XX",1.27
"1945","COPS31XX",0.86
"1945","COPS32AX",0.38
"1945","COPS33XX",0.59
"1945","COPS34XX",0.74
"1945","COPS35XX",0.82
"1945","COPS36AX",0.55
"1945","COPS37XX",0.59
"1945","COPS38XX",0.35
"1946","COPS01XX",1.59
"1946","COPS02XX",1.45
"1946","COPS03AX",0.69
"1946","COPS05XX",0.85
"1946","COPS06XX",0.58
"1946","COPS07XX",0.78
"1946","COPS08XX",1.18
"1946","COPS09XX",1.01
"1946","COPS10XX",0.8
"1946","COPS11XX",1.07
"1946","COPS12XX",0.8
"1946","COPS13XX",1.02
"1946","COPS14XX",0.75
"1946","COPS15XX",0.46
"1946","COPS16XX",0.95
"1946","COPS17XX",0.42
"1946","COPS18XX",0.56
"1946","COPS19XX",0.25
"1946","COPS20XX",0.87
"1946","COPS21XX",1.15
"1946","COPS22XX",0.48
"1946","COPS23XX",1.07
"1946","COPS25AX",NA
"1946","COPS26AX",0.48
"1946","COPS27XX",0.54
"1946","COPS28XX",0.45
"1946","COPS29XX",0.36
"1946","COPS30XX",0.95
"1946","COPS31XX",0.72
"1946","COPS32AX",0.87
"1946","COPS33XX",0.98
"1946","COPS34XX",0.99
"1946","COPS35XX",0.81
"1946","COPS36AX",0.62
"1946","COPS37XX",0.32
"1946","COPS38XX",0.24
"1947","COPS01XX",2.31
"1947","COPS02XX",1.26
"1947","COPS03AX",0.96
"1947","COPS05XX",0.78
"1947","COPS06XX",0.84
"1947","COPS07XX",1.06
"1947","COPS08XX",0.99
"1947","COPS09XX",1.14
"1947","COPS10XX",0.58
"1947","COPS11XX",0.77
"1947","COPS12XX",0.55
"1947","COPS13XX",0.97
"1947","COPS14XX",0.72
"1947","COPS15XX",0.49
"1947","COPS16XX",0.8
"1947","COPS17XX",0.39
"1947","COPS18XX",0.47
"1947","COPS19XX",0.36
"1947","COPS20XX",0.81
"1947","COPS21XX",1.62
"1947","COPS22XX",0.46
"1947","COPS23XX",0.74
"1947","COPS25AX",NA
"1947","COPS26AX",0.47
"1947","COPS27XX",0.8
"1947","COPS28XX",0.85
"1947","COPS29XX",1.78
"1947","COPS30XX",0.94
"1947","COPS31XX",0.4
"1947","COPS32AX",0.51
"1947","COPS33XX",0.67
"1947","COPS34XX",0.92
"1947","COPS35XX",0.64
"1947","COPS36AX",0.62
"1947","COPS37XX",0.45
"1947","COPS38XX",0.23
"1948","COPS01XX",1.96
"1948","COPS02XX",1.17
"1948","COPS03AX",0.94
"1948","COPS05XX",1
"1948","COPS06XX",0.76
"1948","COPS07XX",0.78
"1948","COPS08XX",1.09
"1948","COPS09XX",1.13
"1948","COPS10XX",0.75
"1948","COPS11XX",0.88
"1948","COPS12XX",0.47
"1948","COPS13XX",1
"1948","COPS14XX",0.42
"1948","COPS15XX",0.73
"1948","COPS16XX",0.8
"1948","COPS17XX",0.37
"1948","COPS18XX",0.66
"1948","COPS19XX",0.29
"1948","COPS20XX",0.69
"1948","COPS21XX",2.17
"1948","COPS22XX",0.49
"1948","COPS23XX",0.87
"1948","COPS25AX",NA
"1948","COPS26AX",0.7
"1948","COPS27XX",0.72
"1948","COPS28XX",0.74
"1948","COPS29XX",0.98
"1948","COPS30XX",0.87
"1948","COPS31XX",0.47
"1948","COPS32AX",0.42
"1948","COPS33XX",0.38
"1948","COPS34XX",0.74
"1948","COPS35XX",0.67
"1948","COPS36AX",0.76
"1948","COPS37XX",0.62
"1948","COPS38XX",0.24
"1949","COPS01XX",1.57
"1949","COPS02XX",0.6
"1949","COPS03AX",0.31
"1949","COPS05XX",0.33
"1949","COPS06XX",0.24
"1949","COPS07XX",0.48
"1949","COPS08XX",0.44
"1949","COPS09XX",0.56
"1949","COPS10XX",0.36
"1949","COPS11XX",0.41
"1949","COPS12XX",0.31
"1949","COPS13XX",0.35
"1949","COPS14XX",0.33
"1949","COPS15XX",0.32
"1949","COPS16XX",0.34
"1949","COPS17XX",0.16
"1949","COPS18XX",0.33
"1949","COPS19XX",0.41
"1949","COPS20XX",0.23
"1949","COPS21XX",0.89
"1949","COPS22XX",0.18
"1949","COPS23XX",0.38
"1949","COPS25AX",NA
"1949","COPS26AX",0.42
"1949","COPS27XX",0.4
"1949","COPS28XX",0.28
"1949","COPS29XX",0.79
"1949","COPS30XX",0.37
"1949","COPS31XX",0.17
"1949","COPS32AX",0.17
"1949","COPS33XX",0.11
"1949","COPS34XX",0.38
"1949","COPS35XX",0.41
"1949","COPS36AX",0.73
"1949","COPS37XX",0.21
"1949","COPS38XX",0.12
"1950","COPS01XX",1.39
"1950","COPS02XX",0.7
"1950","COPS03AX",0.46
"1950","COPS05XX",0.52
"1950","COPS06XX",0.36
"1950","COPS07XX",0.9
"1950","COPS08XX",0.68
"1950","COPS09XX",0.66
"1950","COPS10XX",0.44
"1950","COPS11XX",0.46
"1950","COPS12XX",0.58
"1950","COPS13XX",0.42
"1950","COPS14XX",0.43
"1950","COPS15XX",0.53
"1950","COPS16XX",0.57
"1950","COPS17XX",0.29
"1950","COPS18XX",0.19
"1950","COPS19XX",0.27
"1950","COPS20XX",0.44
"1950","COPS21XX",1.16
"1950","COPS22XX",0.41
"1950","COPS23XX",0.55
"1950","COPS25AX",NA
"1950","COPS26AX",0.53
"1950","COPS27XX",0.32
"1950","COPS28XX",0.38
"1950","COPS29XX",0.88
"1950","COPS30XX",0.39
"1950","COPS31XX",0.26
"1950","COPS32AX",0.21
"1950","COPS33XX",0.24
"1950","COPS34XX",0.47
"1950","COPS35XX",0.38
"1950","COPS36AX",0.83
"1950","COPS37XX",0.24
"1950","COPS38XX",0.16
"1951","COPS01XX",1.54
"1951","COPS02XX",1.05
"1951","COPS03AX",0.12
"1951","COPS05XX",0.42
"1951","COPS06XX",0.38
"1951","COPS07XX",1.07
"1951","COPS08XX",0.71
"1951","COPS09XX",0.55
"1951","COPS10XX",0.5
"1951","COPS11XX",0.57
"1951","COPS12XX",0.54
"1951","COPS13XX",0.53
"1951","COPS14XX",0.57
"1951","COPS15XX",0.24
"1951","COPS16XX",0.53
"1951","COPS17XX",0.28
"1951","COPS18XX",0.51
"1951","COPS19XX",0.28
"1951","COPS20XX",0.93
"1951","COPS21XX",1.22
"1951","COPS22XX",0.45
"1951","COPS23XX",0.64
"1951","COPS25AX",NA
"1951","COPS26AX",0.14
"1951","COPS27XX",0.32
"1951","COPS28XX",0.63
"1951","COPS29XX",0.94
"1951","COPS30XX",0.54
"1951","COPS31XX",0.29
"1951","COPS32AX",0.3
"1951","COPS33XX",0.26
"1951","COPS34XX",0.64
"1951","COPS35XX",0.58
"1951","COPS36AX",0.47
"1951","COPS37XX",0.24
"1951","COPS38XX",0.24
"1952","COPS01XX",2
"1952","COPS02XX",1.39
"1952","COPS03AX",0.1
"1952","COPS05XX",0.51
"1952","COPS06XX",0.57
"1952","COPS07XX",0.77
"1952","COPS08XX",0.63
"1952","COPS09XX",0.76
"1952","COPS10XX",0.34
"1952","COPS11XX",0.7
"1952","COPS12XX",0.4
"1952","COPS13XX",0.24
"1952","COPS14XX",0.36
"1952","COPS15XX",0.9
"1952","COPS16XX",0.95
"1952","COPS17XX",0.57
"1952","COPS18XX",0.48
"1952","COPS19XX",0.29
"1952","COPS20XX",0.57
"1952","COPS21XX",2.14
"1952","COPS22XX",0.37
"1952","COPS23XX",0.55
"1952","COPS25AX",NA
"1952","COPS26AX",0.27
"1952","COPS27XX",0.37
"1952","COPS28XX",0.6
"1952","COPS29XX",1.2
"1952","COPS30XX",0.86
"1952","COPS31XX",0.38
"1952","COPS32AX",0.46
"1952","COPS33XX",0.46
"1952","COPS34XX",0.78
"1952","COPS35XX",0.85
"1952","COPS36AX",0.54
"1952","COPS37XX",0.51
"1952","COPS38XX",0.2
"1953","COPS01XX",0.9
"1953","COPS02XX",0.58
"1953","COPS03AX",0.15
"1953","COPS05XX",0.08
"1953","COPS06XX",0.19
"1953","COPS07XX",0.17
"1953","COPS08XX",0.32
"1953","COPS09XX",0.23
"1953","COPS10XX",0.17
"1953","COPS11XX",0.49
"1953","COPS12XX",0.13
"1953","COPS13XX",0.11
"1953","COPS14XX",0.07
"1953","COPS15XX",0.37
"1953","COPS16XX",0.42
"1953","COPS17XX",0.22
"1953","COPS18XX",0.11
"1953","COPS19XX",0.1
"1953","COPS20XX",0.23
"1953","COPS21XX",0.67
"1953","COPS22XX",0.12
"1953","COPS23XX",0.46
"1953","COPS25AX",0.15
"1953","COPS26AX",0.09
"1953","COPS27XX",0.24
"1953","COPS28XX",0.49
"1953","COPS29XX",0.98
"1953","COPS30XX",0.36
"1953","COPS31XX",0.16
"1953","COPS32AX",0.16
"1953","COPS33XX",0.12
"1953","COPS34XX",0.46
"1953","COPS35XX",0.22
"1953","COPS36AX",0.67
"1953","COPS37XX",0.14
"1953","COPS38XX",0.09
"1954","COPS01XX",1.48
"1954","COPS02XX",0.91
"1954","COPS03AX",0.35
"1954","COPS05XX",0.51
"1954","COPS06XX",0.6
"1954","COPS07XX",0.77
"1954","COPS08XX",0.63
"1954","COPS09XX",0.67
"1954","COPS10XX",0.61
"1954","COPS11XX",1.17
"1954","COPS12XX",0.37
"1954","COPS13XX",0.79
"1954","COPS14XX",0.52
"1954","COPS15XX",0.84
"1954","COPS16XX",0.86
"1954","COPS17XX",0.68
"1954","COPS18XX",0.5
"1954","COPS19XX",0.35
"1954","COPS20XX",0.96
"1954","COPS21XX",1.24
"1954","COPS22XX",0.67
"1954","COPS23XX",0.9
"1954","COPS25AX",0.13
"1954","COPS26AX",0.4
"1954","COPS27XX",0.48
"1954","COPS28XX",1.1
"1954","COPS29XX",1.27
"1954","COPS30XX",1.04
"1954","COPS31XX",0.64
"1954","COPS32AX",0.59
"1954","COPS33XX",0.57
"1954","COPS34XX",0.79
"1954","COPS35XX",0.49
"1954","COPS36AX",0.8
"1954","COPS37XX",0.67
"1954","COPS38XX",0.49
"1955","COPS01XX",0.59
"1955","COPS02XX",0.27
"1955","COPS03AX",0.01
"1955","COPS05XX",0.12
"1955","COPS06XX",0.16
"1955","COPS07XX",0.15
"1955","COPS08XX",0.21
"1955","COPS09XX",0.51
"1955","COPS10XX",0.29
"1955","COPS11XX",0.46
"1955","COPS12XX",0.11
"1955","COPS13XX",0.01
"1955","COPS14XX",0.26
"1955","COPS15XX",0.21
"1955","COPS16XX",0.24
"1955","COPS17XX",0.17
"1955","COPS18XX",0.14
"1955","COPS19XX",0.11
"1955","COPS20XX",0.28
"1955","COPS21XX",0.63
"1955","COPS22XX",0.51
"1955","COPS23XX",0.47
"1955","COPS25AX",0.24
"1955","COPS26AX",0.14
"1955","COPS27XX",0.18
"1955","COPS28XX",0.39
"1955","COPS29XX",1.05
"1955","COPS30XX",0.29
"1955","COPS31XX",0.18
"1955","COPS32AX",0.14
"1955","COPS33XX",0.11
"1955","COPS34XX",0.38
"1955","COPS35XX",0.14
"1955","COPS36AX",1.23
"1955","COPS37XX",0.13
"1955","COPS38XX",0.01
"1956","COPS01XX",1.53
"1956","COPS02XX",1.31
"1956","COPS03AX",0.34
"1956","COPS05XX",0.55
"1956","COPS06XX",0.57
"1956","COPS07XX",0.81
"1956","COPS08XX",1.21
"1956","COPS09XX",1.14
"1956","COPS10XX",0.81
"1956","COPS11XX",1.11
"1956","COPS12XX",0.62
"1956","COPS13XX",0.75
"1956","COPS14XX",0.67
"1956","COPS15XX",0.86
"1956","COPS16XX",0.91
"1956","COPS17XX",0.58
"1956","COPS18XX",0.45
"1956","COPS19XX",0.27
"1956","COPS20XX",1.19
"1956","COPS21XX",1.57
"1956","COPS22XX",1.26
"1956","COPS23XX",0.89
"1956","COPS25AX",0.21
"1956","COPS26AX",0.35
"1956","COPS27XX",0.37
"1956","COPS28XX",1.46
"1956","COPS29XX",1.48
"1956","COPS30XX",1.12
"1956","COPS31XX",0.8
"1956","COPS32AX",0.61
"1956","COPS33XX",0.44
"1956","COPS34XX",1.29
"1956","COPS35XX",0.62
"1956","COPS36AX",1.07
"1956","COPS37XX",0.59
"1956","COPS38XX",0.28
"1957","COPS01XX",1.21
"1957","COPS02XX",0.87
"1957","COPS03AX",0.34
"1957","COPS05XX",0.32
"1957","COPS06XX",0.46
"1957","COPS07XX",0.6
"1957","COPS08XX",1.19
"1957","COPS09XX",1.27
"1957","COPS10XX",0.77
"1957","COPS11XX",1.06
"1957","COPS12XX",0.46
"1957","COPS13XX",0.62
"1957","COPS14XX",0.82
"1957","COPS15XX",0.97
"1957","COPS16XX",0.78
"1957","COPS17XX",0.37
"1957","COPS18XX",0.27
"1957","COPS19XX",0.5
"1957","COPS20XX",0.74
"1957","COPS21XX",2.2
"1957","COPS22XX",1.04
"1957","COPS23XX",0.95
"1957","COPS25AX",0.21
"1957","COPS26AX",0.39
"1957","COPS27XX",0.26
"1957","COPS28XX",1.14
"1957","COPS29XX",1.4
"1957","COPS30XX",1.03
"1957","COPS31XX",0.53
"1957","COPS32AX",0.41
"1957","COPS33XX",0.51
"1957","COPS34XX",1.15
"1957","COPS35XX",0.75
"1957","COPS36AX",0.93
"1957","COPS37XX",0.55
"1957","COPS38XX",0.26
"1958","COPS01XX",1.19
"1958","COPS02XX",0.81
"1958","COPS03AX",0.55
"1958","COPS05XX",0.44
"1958","COPS06XX",0.63
"1958","COPS07XX",0.7
"1958","COPS08XX",1.03
"1958","COPS09XX",0.95
"1958","COPS10XX",0.64
"1958","COPS11XX",0.99
"1958","COPS12XX",0.47
"1958","COPS13XX",0.63
"1958","COPS14XX",1.01
"1958","COPS15XX",0.52
"1958","COPS16XX",0.53
"1958","COPS17XX",0.41
"1958","COPS18XX",0.22
"1958","COPS19XX",0.49
"1958","COPS20XX",0.79
"1958","COPS21XX",1.69
"1958","COPS22XX",0.88
"1958","COPS23XX",0.98
"1958","COPS25AX",0.23
"1958","COPS26AX",0.55
"1958","COPS27XX",0.47
"1958","COPS28XX",1.44
"1958","COPS29XX",1.49
"1958","COPS30XX",1.26
"1958","COPS31XX",0.72
"1958","COPS32AX",0.34
"1958","COPS33XX",0.41
"1958","COPS34XX",0.81
"1958","COPS35XX",0.48
"1958","COPS36AX",0.59
"1958","COPS37XX",0.44
"1958","COPS38XX",0.26
"1959","COPS01XX",1.94
"1959","COPS02XX",1.27
"1959","COPS03AX",0.89
"1959","COPS05XX",0.86
"1959","COPS06XX",0.92
"1959","COPS07XX",1.01
"1959","COPS08XX",1.36
"1959","COPS09XX",1.79
"1959","COPS10XX",0.97
"1959","COPS11XX",1.47
"1959","COPS12XX",0.92
"1959","COPS13XX",0.9
"1959","COPS14XX",1.12
"1959","COPS15XX",1.1
"1959","COPS16XX",1.02
"1959","COPS17XX",0.62
"1959","COPS18XX",0.43
"1959","COPS19XX",0.7
"1959","COPS20XX",1.31
"1959","COPS21XX",2.57
"1959","COPS22XX",1.29
"1959","COPS23XX",1.46
"1959","COPS25AX",0.46
"1959","COPS26AX",1.48
"1959","COPS27XX",0.81
"1959","COPS28XX",1.59
"1959","COPS29XX",2.45
"1959","COPS30XX",1.43
"1959","COPS31XX",1.03
"1959","COPS32AX",0.75
"1959","COPS33XX",0.85
"1959","COPS34XX",1.56
"1959","COPS35XX",1.06
"1959","COPS36AX",1.3
"1959","COPS37XX",0.88
"1959","COPS38XX",0.75
"1960","COPS01XX",2.44
"1960","COPS02XX",1.76
"1960","COPS03AX",0.94
"1960","COPS05XX",0.88
"1960","COPS06XX",1.25
"1960","COPS07XX",1.42
"1960","COPS08XX",2.07
"1960","COPS09XX",1.79
"1960","COPS10XX",1.14
"1960","COPS11XX",2.01
"1960","COPS12XX",0.84
"1960","COPS13XX",1.04
"1960","COPS14XX",0.78
"1960","COPS15XX",1.32
"1960","COPS16XX",1.5
"1960","COPS17XX",0.58
"1960","COPS18XX",0.59
"1960","COPS19XX",0.81
"1960","COPS20XX",1.65
"1960","COPS21XX",3.81
"1960","COPS22XX",1.47
"1960","COPS23XX",1.41
"1960","COPS25AX",0.62
"1960","COPS26AX",1.45
"1960","COPS27XX",0.86
"1960","COPS28XX",2.06
"1960","COPS29XX",2.1
"1960","COPS30XX",2.05
"1960","COPS31XX",1.29
"1960","COPS32AX",0.93
"1960","COPS33XX",1.03
"1960","COPS34XX",2.1
"1960","COPS35XX",1.14
"1960","COPS36AX",1.16
"1960","COPS37XX",0.87
"1960","COPS38XX",1.11
"1961","COPS01XX",1.16
"1961","COPS02XX",0.93
"1961","COPS03AX",0.61
"1961","COPS05XX",0.5
"1961","COPS06XX",0.74
"1961","COPS07XX",0.83
"1961","COPS08XX",1
"1961","COPS09XX",0.86
"1961","COPS10XX",0.51
"1961","COPS11XX",1.35
"1961","COPS12XX",0.51
"1961","COPS13XX",0.59
"1961","COPS14XX",0.86
"1961","COPS15XX",0.86
"1961","COPS16XX",0.59
"1961","COPS17XX",0.42
"1961","COPS18XX",0.41
"1961","COPS19XX",0.58
"1961","COPS20XX",0.9
"1961","COPS21XX",1.92
"1961","COPS22XX",0.69
"1961","COPS23XX",0.94
"1961","COPS25AX",0.29
"1961","COPS26AX",0.65
"1961","COPS27XX",0.54
"1961","COPS28XX",1.24
"1961","COPS29XX",1.47
"1961","COPS30XX",0.98
"1961","COPS31XX",0.65
"1961","COPS32AX",0.57
"1961","COPS33XX",0.69
"1961","COPS34XX",0.89
"1961","COPS35XX",0.53
"1961","COPS36AX",0.63
"1961","COPS37XX",0.6
"1961","COPS38XX",0.59
"1962","COPS01XX",1.72
"1962","COPS02XX",1.08
"1962","COPS03AX",1.08
"1962","COPS05XX",0.93
"1962","COPS06XX",1.06
"1962","COPS07XX",0.94
"1962","COPS08XX",1.37
"1962","COPS09XX",1.29
"1962","COPS10XX",0.96
"1962","COPS11XX",1.45
"1962","COPS12XX",1.03
"1962","COPS13XX",0.76
"1962","COPS14XX",1.16
"1962","COPS15XX",0.96
"1962","COPS16XX",1.04
"1962","COPS17XX",0.77
"1962","COPS18XX",0.61
"1962","COPS19XX",0.68
"1962","COPS20XX",1.04
"1962","COPS21XX",2.05
"1962","COPS22XX",1.01
"1962","COPS23XX",1.14
"1962","COPS25AX",0.67
"1962","COPS26AX",1.18
"1962","COPS27XX",0.63
"1962","COPS28XX",1.52
"1962","COPS29XX",1.38
"1962","COPS30XX",1.33
"1962","COPS31XX",0.82
"1962","COPS32AX",0.74
"1962","COPS33XX",0.83
"1962","COPS34XX",0.84
"1962","COPS35XX",0.67
"1962","COPS36AX",0.88
"1962","COPS37XX",0.96
"1962","COPS38XX",0.87
"1963","COPS01XX",1.74
"1963","COPS02XX",1.22
"1963","COPS03AX",1.39
"1963","COPS05XX",1.13
"1963","COPS06XX",0.97
"1963","COPS07XX",1.13
"1963","COPS08XX",1.78
"1963","COPS09XX",1.53
"1963","COPS10XX",0.97
"1963","COPS11XX",1.46
"1963","COPS12XX",0.79
"1963","COPS13XX",0.73
"1963","COPS14XX",1.19
"1963","COPS15XX",1.13
"1963","COPS16XX",0.83
"1963","COPS17XX",0.73
"1963","COPS18XX",0.64
"1963","COPS19XX",0.67
"1963","COPS20XX",1.09
"1963","COPS21XX",1.96
"1963","COPS22XX",0.94
"1963","COPS23XX",1.42
"1963","COPS25AX",0.65
"1963","COPS26AX",1.18
"1963","COPS27XX",0.78
"1963","COPS28XX",1.17
"1963","COPS29XX",1.66
"1963","COPS30XX",1.83
"1963","COPS31XX",1.07
"1963","COPS32AX",1.04
"1963","COPS33XX",1.15
"1963","COPS34XX",1.44
"1963","COPS35XX",0.68
"1963","COPS36AX",1.11
"1963","COPS37XX",0.66
"1963","COPS38XX",0.56
"1964","COPS01XX",1.91
"1964","COPS02XX",1.16
"1964","COPS03AX",0.62
"1964","COPS05XX",0.83
"1964","COPS06XX",1.11
"1964","COPS07XX",0.79
"1964","COPS08XX",1.6
"1964","COPS09XX",1.41
"1964","COPS10XX",0.78
"1964","COPS11XX",1.29
"1964","COPS12XX",0.67
"1964","COPS13XX",0.5
"1964","COPS14XX",1.03
"1964","COPS15XX",0.79
"1964","COPS16XX",0.69
"1964","COPS17XX",0.77
"1964","COPS18XX",0.42
"1964","COPS19XX",0.87
"1964","COPS20XX",1.11
"1964","COPS21XX",1.69
"1964","COPS22XX",1
"1964","COPS23XX",1.29
"1964","COPS25AX",0.59
"1964","COPS26AX",0.76
"1964","COPS27XX",0.64
"1964","COPS28XX",1.21
"1964","COPS29XX",1.18
"1964","COPS30XX",1.39
"1964","COPS31XX",0.92
"1964","COPS32AX",0.84
"1964","COPS33XX",1.26
"1964","COPS34XX",1.26
"1964","COPS35XX",0.7
"1964","COPS36AX",0.88
"1964","COPS37XX",0.68
"1964","COPS38XX",0.54
"1965","COPS01XX",0.71
"1965","COPS02XX",0.71
"1965","COPS03AX",0.9
"1965","COPS05XX",0.82
"1965","COPS06XX",0.66
"1965","COPS07XX",0.78
"1965","COPS08XX",0.94
"1965","COPS09XX",0.49
"1965","COPS10XX",0.65
"1965","COPS11XX",0.78
"1965","COPS12XX",0.48
"1965","COPS13XX",0.54
"1965","COPS14XX",0.78
"1965","COPS15XX",0.85
"1965","COPS16XX",0.46
"1965","COPS17XX",0.43
"1965","COPS18XX",0.25
"1965","COPS19XX",0.51
"1965","COPS20XX",0.66
"1965","COPS21XX",1.01
"1965","COPS22XX",0.65
"1965","COPS23XX",0.94
"1965","COPS25AX",0.52
"1965","COPS26AX",0.63
"1965","COPS27XX",0.35
"1965","COPS28XX",0.56
"1965","COPS29XX",0.63
"1965","COPS30XX",0.99
"1965","COPS31XX",0.68
"1965","COPS32AX",0.84
"1965","COPS33XX",0.71
"1965","COPS34XX",0.65
"1965","COPS35XX",0.52
"1965","COPS36AX",0.63
"1965","COPS37XX",0.53
"1965","COPS38XX",0.49
"1966","COPS01XX",1.46
"1966","COPS02XX",1.32
"1966","COPS03AX",2.03
"1966","COPS05XX",1.46
"1966","COPS06XX",1.15
"1966","COPS07XX",0.91
"1966","COPS08XX",1.3
"1966","COPS09XX",1.17
"1966","COPS10XX",0.79
"1966","COPS11XX",1.03
"1966","COPS12XX",0.98
"1966","COPS13XX",0.78
"1966","COPS14XX",1.18
"1966","COPS15XX",1.22
"1966","COPS16XX",0.74
"1966","COPS17XX",0.5
"1966","COPS18XX",0.25
"1966","COPS19XX",0.9
"1966","COPS20XX",1.14
"1966","COPS21XX",1.8
"1966","COPS22XX",1.15
"1966","COPS23XX",1.29
"1966","COPS25AX",0.64
"1966","COPS26AX",0.6
"1966","COPS27XX",0.51
"1966","COPS28XX",1.02
"1966","COPS29XX",1.49
"1966","COPS30XX",1.46
"1966","COPS31XX",0.75
"1966","COPS32AX",0.85
"1966","COPS33XX",0.88
"1966","COPS34XX",0.78
"1966","COPS35XX",0.71
"1966","COPS36AX",1.01
"1966","COPS37XX",0.7
"1966","COPS38XX",0.69
"1967","COPS01XX",1.07
"1967","COPS02XX",0.99
"1967","COPS03AX",1.2
"1967","COPS05XX",0.59
"1967","COPS06XX",0.64
"1967","COPS07XX",0.56
"1967","COPS08XX",0.85
"1967","COPS09XX",0.87
"1967","COPS10XX",0.61
"1967","COPS11XX",0.69
"1967","COPS12XX",0.39
"1967","COPS13XX",0.39
"1967","COPS14XX",0.44
"1967","COPS15XX",0.81
"1967","COPS16XX",0.4
"1967","COPS17XX",0.24
"1967","COPS18XX",0.05
"1967","COPS19XX",0.43
"1967","COPS20XX",0.77
"1967","COPS21XX",1.03
"1967","COPS22XX",0.77
"1967","COPS23XX",0.63
"1967","COPS25AX",0.29
"1967","COPS26AX",0.37
"1967","COPS27XX",0.3
"1967","COPS28XX",0.49
"1967","COPS29XX",1.26
"1967","COPS30XX",0.85
"1967","COPS31XX",0.58
"1967","COPS32AX",0.84
"1967","COPS33XX",0.56
"1967","COPS34XX",0.5
"1967","COPS35XX",0.47
"1967","COPS36AX",0.53
"1967","COPS37XX",0.5
"1967","COPS38XX",0.52
"1968","COPS01XX",1.49
"1968","COPS02XX",1.18
"1968","COPS03AX",1.21
"1968","COPS05XX",0.53
"1968","COPS06XX",0.73
"1968","COPS07XX",0.76
"1968","COPS08XX",0.66
"1968","COPS09XX",1.03
"1968","COPS10XX",0.72
"1968","COPS11XX",0.64
"1968","COPS12XX",0.65
"1968","COPS13XX",0.41
"1968","COPS14XX",0.7
"1968","COPS15XX",0.66
"1968","COPS16XX",0.5
"1968","COPS17XX",0.36
"1968","COPS18XX",0.26
"1968","COPS19XX",0.48
"1968","COPS20XX",0.81
"1968","COPS21XX",1.38
"1968","COPS22XX",0.69
"1968","COPS23XX",0.7
"1968","COPS25AX",0.34
"1968","COPS26AX",0.69
"1968","COPS27XX",0.43
"1968","COPS28XX",0.58
"1968","COPS29XX",1.18
"1968","COPS30XX",0.65
"1968","COPS31XX",0.54
"1968","COPS32AX",1.28
"1968","COPS33XX",0.47
"1968","COPS34XX",0.75
"1968","COPS35XX",0.77
"1968","COPS36AX",0.55
"1968","COPS37XX",0.46
"1968","COPS38XX",0.73
"1969","COPS01XX",1.36
"1969","COPS02XX",1.67
"1969","COPS03AX",1.16
"1969","COPS05XX",0.49
"1969","COPS06XX",0.94
"1969","COPS07XX",1.16
"1969","COPS08XX",1.38
"1969","COPS09XX",1.58
"1969","COPS10XX",0.59
"1969","COPS11XX",0.73
"1969","COPS12XX",0.95
"1969","COPS13XX",0.42
"1969","COPS14XX",0.52
"1969","COPS15XX",1.02
"1969","COPS16XX",0.59
"1969","COPS17XX",0.4
"1969","COPS18XX",0.45
"1969","COPS19XX",0.42
"1969","COPS20XX",1.12
"1969","COPS21XX",1.7
"1969","COPS22XX",0.9
"1969","COPS23XX",1.02
"1969","COPS25AX",0.24
"1969","COPS26AX",1.01
"1969","COPS27XX",0.48
"1969","COPS28XX",1.02
"1969","COPS29XX",1.73
"1969","COPS30XX",1.59
"1969","COPS31XX",0.57
"1969","COPS32AX",1.95
"1969","COPS33XX",0.18
"1969","COPS34XX",1
"1969","COPS35XX",0.86
"1969","COPS36AX",0.77
"1969","COPS37XX",0.21
"1969","COPS38XX",0.77
"1970","COPS01XX",1.13
"1970","COPS02XX",1.04
"1970","COPS03AX",0.45
"1970","COPS05XX",0.23
"1970","COPS06XX",0.51
"1970","COPS07XX",0.54
"1970","COPS08XX",0.73
"1970","COPS09XX",0.66
"1970","COPS10XX",0.36
"1970","COPS11XX",0.95
"1970","COPS12XX",0.44
"1970","COPS13XX",0.27
"1970","COPS14XX",0.29
"1970","COPS15XX",0.63
"1970","COPS16XX",0.33
"1970","COPS17XX",0.24
"1970","COPS18XX",0.18
"1970","COPS19XX",0.36
"1970","COPS20XX",0.82
"1970","COPS21XX",1.18
"1970","COPS22XX",0.62
"1970","COPS23XX",0.64
"1970","COPS25AX",0.19
"1970","COPS26AX",0.46
"1970","COPS27XX",0.38
"1970","COPS28XX",0.71
"1970","COPS29XX",0.92
"1970","COPS30XX",1.08
"1970","COPS31XX",0.38
"1970","COPS32AX",0.78
"1970","COPS33XX",0.17
"1970","COPS34XX",0.82
"1970","COPS35XX",0.48
"1970","COPS36AX",0.46
"1970","COPS37XX",0.2
"1970","COPS38XX",0.72
"1971","COPS01XX",1.39
"1971","COPS02XX",1.54
"1971","COPS03AX",0.78
"1971","COPS05XX",0.71
"1971","COPS06XX",0.7
"1971","COPS07XX",0.62
"1971","COPS08XX",1.03
"1971","COPS09XX",0.8
"1971","COPS10XX",0.52
"1971","COPS11XX",1.21
"1971","COPS12XX",0.76
"1971","COPS13XX",0.59
"1971","COPS14XX",0.59
"1971","COPS15XX",0.92
"1971","COPS16XX",0.53
"1971","COPS17XX",0.52
"1971","COPS18XX",0.47
"1971","COPS19XX",0.48
"1971","COPS20XX",1.12
"1971","COPS21XX",1.85
"1971","COPS22XX",0.7
"1971","COPS23XX",1.14
"1971","COPS25AX",0.43
"1971","COPS26AX",0.55
"1971","COPS27XX",0.58
"1971","COPS28XX",1.03
"1971","COPS29XX",1.44
"1971","COPS30XX",1.85
"1971","COPS31XX",0.76
"1971","COPS32AX",1.36
"1971","COPS33XX",0.56
"1971","COPS34XX",0.96
"1971","COPS35XX",0.71
"1971","COPS36AX",0.48
"1971","COPS37XX",0.67
"1971","COPS38XX",1
"1972","COPS01XX",1.42
"1972","COPS02XX",1.51
"1972","COPS03AX",0.84
"1972","COPS05XX",0.83
"1972","COPS06XX",0.51
"1972","COPS07XX",0.74
"1972","COPS08XX",1.09
"1972","COPS09XX",1.03
"1972","COPS10XX",0.54
"1972","COPS11XX",1.01
"1972","COPS12XX",0.67
"1972","COPS13XX",0.54
"1972","COPS14XX",0.7
"1972","COPS15XX",0.77
"1972","COPS16XX",0.48
"1972","COPS17XX",0.43
"1972","COPS18XX",0.34
"1972","COPS19XX",0.57
"1972","COPS20XX",1.12
"1972","COPS21XX",1.53
"1972","COPS22XX",0.78
"1972","COPS23XX",0.9
"1972","COPS25AX",0.34
"1972","COPS26AX",0.44
"1972","COPS27XX",0.77
"1972","COPS28XX",0.86
"1972","COPS29XX",1.42
"1972","COPS30XX",1.63
"1972","COPS31XX",0.82
"1972","COPS32AX",2.05
"1972","COPS33XX",0.57
"1972","COPS34XX",0.77
"1972","COPS35XX",0.53
"1972","COPS36AX",0.73
"1972","COPS37XX",0.71
"1972","COPS38XX",0.99
"1973","COPS01XX",2.18
"1973","COPS02XX",1.54
"1973","COPS03AX",1.4
"1973","COPS05XX",1.09
"1973","COPS06XX",0.66
"1973","COPS07XX",0.96
"1973","COPS08XX",1.4
"1973","COPS09XX",1.28
"1973","COPS10XX",0.94
"1973","COPS11XX",1.42
"1973","COPS12XX",0.56
"1973","COPS13XX",0.47
"1973","COPS14XX",1.02
"1973","COPS15XX",1.09
"1973","COPS16XX",0.6
"1973","COPS17XX",0.48
"1973","COPS18XX",0.27
"1973","COPS19XX",0.79
"1973","COPS20XX",1.74
"1973","COPS21XX",1.49
"1973","COPS22XX",0.86
"1973","COPS23XX",1.38
"1973","COPS25AX",0.43
"1973","COPS26AX",0.59
"1973","COPS27XX",0.85
"1973","COPS28XX",1.51
"1973","COPS29XX",1.7
"1973","COPS30XX",2.09
"1973","COPS31XX",1.08
"1973","COPS32AX",2.55
"1973","COPS33XX",0.57
"1973","COPS34XX",0.84
"1973","COPS35XX",0.83
"1973","COPS36AX",0.66
"1973","COPS37XX",1.01
"1973","COPS38XX",0.91
"1974","COPS01XX",1.72
"1974","COPS02XX",1.44
"1974","COPS03AX",1.48
"1974","COPS05XX",1.09
"1974","COPS06XX",0.87
"1974","COPS07XX",0.84
"1974","COPS08XX",1.48
"1974","COPS09XX",1.1
"1974","COPS10XX",0.88
"1974","COPS11XX",1.54
"1974","COPS12XX",0.73
"1974","COPS13XX",0.92
"1974","COPS14XX",0.74
"1974","COPS15XX",1.1
"1974","COPS16XX",0.68
"1974","COPS17XX",0.6
"1974","COPS18XX",0.35
"1974","COPS19XX",0.83
"1974","COPS20XX",1.76
"1974","COPS21XX",1.3
"1974","COPS22XX",1.01
"1974","COPS23XX",1.44
"1974","COPS25AX",0.57
"1974","COPS26AX",0.62
"1974","COPS27XX",0.85
"1974","COPS28XX",1.41
"1974","COPS29XX",1.52
"1974","COPS30XX",1.61
"1974","COPS31XX",0.95
"1974","COPS32AX",1.83
"1974","COPS33XX",0.73
"1974","COPS34XX",0.78
"1974","COPS35XX",0.72
"1974","COPS36AX",0.54
"1974","COPS37XX",0.9
"1974","COPS38XX",1.01
"1975","COPS01XX",1.63
"1975","COPS02XX",0.78
"1975","COPS03AX",1.36
"1975","COPS05XX",1
"1975","COPS06XX",0.69
"1975","COPS07XX",0.74
"1975","COPS08XX",1.21
"1975","COPS09XX",0.94
"1975","COPS10XX",0.83
"1975","COPS11XX",1.38
"1975","COPS12XX",0.73
"1975","COPS13XX",0.77
"1975","COPS14XX",0.86
"1975","COPS15XX",1.16
"1975","COPS16XX",0.56
"1975","COPS17XX",0.54
"1975","COPS18XX",0.33
"1975","COPS19XX",0.63
"1975","COPS20XX",1.31
"1975","COPS21XX",1.24
"1975","COPS22XX",0.55
"1975","COPS23XX",1.24
"1975","COPS25AX",0.51
"1975","COPS26AX",0.43
"1975","COPS27XX",0.77
"1975","COPS28XX",1.08
"1975","COPS29XX",1.31
"1975","COPS30XX",1.79
"1975","COPS31XX",0.94
"1975","COPS32AX",1.56
"1975","COPS33XX",0.81
"1975","COPS34XX",0.42
"1975","COPS35XX",0.89
"1975","COPS36AX",1.07
"1975","COPS37XX",0.8
"1975","COPS38XX",1.03
"1976","COPS01XX",1.57
"1976","COPS02XX",1.69
"1976","COPS03AX",1.77
"1976","COPS05XX",2.12
"1976","COPS06XX",1.37
"1976","COPS07XX",1.19
"1976","COPS08XX",1.82
"1976","COPS09XX",1.67
"1976","COPS10XX",0.98
"1976","COPS11XX",1.94
"1976","COPS12XX",0.9
"1976","COPS13XX",1.12
"1976","COPS14XX",0.95
"1976","COPS15XX",1.07
"1976","COPS16XX",0.98
"1976","COPS17XX",0.51
"1976","COPS18XX",0.54
"1976","COPS19XX",0.99
"1976","COPS20XX",2
"1976","COPS21XX",2.19
"1976","COPS22XX",0.88
"1976","COPS23XX",0.97
"1976","COPS25AX",0.35
"1976","COPS26AX",0.79
"1976","COPS27XX",0.8
"1976","COPS28XX",1.62
"1976","COPS29XX",1.42
"1976","COPS30XX",2.29
"1976","COPS31XX",1.22
"1976","COPS32AX",2.02
"1976","COPS33XX",0.9
"1976","COPS34XX",0.82
"1976","COPS35XX",0.97
"1976","COPS36AX",0.96
"1976","COPS37XX",1.08
"1976","COPS38XX",1.18
"1977","COPS01XX",1.01
"1977","COPS02XX",0.99
"1977","COPS03AX",1.65
"1977","COPS05XX",0.99
"1977","COPS06XX",1.15
"1977","COPS07XX",1.05
"1977","COPS08XX",1.91
"1977","COPS09XX",1.22
"1977","COPS10XX",0.82
"1977","COPS11XX",1.98
"1977","COPS12XX",0.64
"1977","COPS13XX",0.81
"1977","COPS14XX",0.48
"1977","COPS15XX",1.12
"1977","COPS16XX",0.61
"1977","COPS17XX",0.45
"1977","COPS18XX",0.41
"1977","COPS19XX",1.11
"1977","COPS20XX",1.77
"1977","COPS21XX",2.6
"1977","COPS22XX",0.63
"1977","COPS23XX",0.98
"1977","COPS25AX",0.7
"1977","COPS26AX",0.83
"1977","COPS27XX",0.6
"1977","COPS28XX",0.95
"1977","COPS29XX",0.65
"1977","COPS30XX",1.57
"1977","COPS31XX",1.32
"1977","COPS32AX",1.53
"1977","COPS33XX",0.82
"1977","COPS34XX",1.01
"1977","COPS35XX",0.72
"1977","COPS36AX",0.94
"1977","COPS37XX",0.87
"1977","COPS38XX",0.93
"1978","COPS01XX",0.83
"1978","COPS02XX",1.22
"1978","COPS03AX",1.33
"1978","COPS05XX",1.27
"1978","COPS06XX",0.65
"1978","COPS07XX",0.9
"1978","COPS08XX",1.27
"1978","COPS09XX",1.19
"1978","COPS10XX",0.76
"1978","COPS11XX",1.34
"1978","COPS12XX",0.68
"1978","COPS13XX",0.79
"1978","COPS14XX",0.72
"1978","COPS15XX",1.07
"1978","COPS16XX",0.68
"1978","COPS17XX",0.32
"1978","COPS18XX",0.42
"1978","COPS19XX",0.89
"1978","COPS20XX",1.51
"1978","COPS21XX",1.7
"1978","COPS22XX",0.56
"1978","COPS23XX",1.02
"1978","COPS25AX",0.78
"1978","COPS26AX",0.82
"1978","COPS27XX",0.65
"1978","COPS28XX",1.13
"1978","COPS29XX",1.3
"1978","COPS30XX",1.27
"1978","COPS31XX",0.87
"1978","COPS32AX",1.57
"1978","COPS33XX",0.77
"1978","COPS34XX",0.7
"1978","COPS35XX",0.65
"1978","COPS36AX",0.93
"1978","COPS37XX",0.7
"1978","COPS38XX",1.17
"1979","COPS01XX",0.51
"1979","COPS02XX",0.41
"1979","COPS03AX",0.43
"1979","COPS05XX",0.35
"1979","COPS06XX",0.51
"1979","COPS07XX",0.32
"1979","COPS08XX",0.7
"1979","COPS09XX",0.64
"1979","COPS10XX",0.46
"1979","COPS11XX",0.7
"1979","COPS12XX",0.19
"1979","COPS13XX",0.45
"1979","COPS14XX",0.38
"1979","COPS15XX",0.48
"1979","COPS16XX",0.39
"1979","COPS17XX",0.07
"1979","COPS18XX",0.16
"1979","COPS19XX",0.42
"1979","COPS20XX",0.35
"1979","COPS21XX",1.06
"1979","COPS22XX",0.25
"1979","COPS23XX",0.49
"1979","COPS25AX",0.22
"1979","COPS26AX",0.57
"1979","COPS27XX",0.33
"1979","COPS28XX",0.64
"1979","COPS29XX",0.44
"1979","COPS30XX",0.56
"1979","COPS31XX",0.28
"1979","COPS32AX",0.7
"1979","COPS33XX",0.23
"1979","COPS34XX",0.12
"1979","COPS35XX",0.51
"1979","COPS36AX",0.45
"1979","COPS37XX",0.26
"1979","COPS38XX",0.82
"1980","COPS01XX",1.02
"1980","COPS02XX",0.73
"1980","COPS03AX",0.67
"1980","COPS05XX",0.28
"1980","COPS06XX",0.6
"1980","COPS07XX",0.64
"1980","COPS08XX",1.28
"1980","COPS09XX",0.77
"1980","COPS10XX",0.8
"1980","COPS11XX",1.02
"1980","COPS12XX",0.45
"1980","COPS13XX",0.49
"1980","COPS14XX",0.82
"1980","COPS15XX",0.79
"1980","COPS16XX",0.69
"1980","COPS17XX",0.25
"1980","COPS18XX",0.54
"1980","COPS19XX",0.52
"1980","COPS20XX",0.83
"1980","COPS21XX",1.21
"1980","COPS22XX",0.47
"1980","COPS23XX",0.54
"1980","COPS25AX",0.36
"1980","COPS26AX",0.96
"1980","COPS27XX",0.52
"1980","COPS28XX",0.82
"1980","COPS29XX",0.43
"1980","COPS30XX",0.74
"1980","COPS31XX",0.47
"1980","COPS32AX",0.46
"1980","COPS33XX",0.59
"1980","COPS34XX",0.23
"1980","COPS35XX",0.7
"1980","COPS36AX",0.86
"1980","COPS37XX",0.23
"1980","COPS38XX",0.59
"1981","COPS01XX",0.41
"1981","COPS02XX",0.2
"1981","COPS03AX",0.25
"1981","COPS05XX",0.04
"1981","COPS06XX",0.12
"1981","COPS07XX",0.24
"1981","COPS08XX",0.34
"1981","COPS09XX",0.25
"1981","COPS10XX",0.21
"1981","COPS11XX",0.29
"1981","COPS12XX",0.08
"1981","COPS13XX",0.06
"1981","COPS14XX",0.18
"1981","COPS15XX",0.19
"1981","COPS16XX",0.13
"1981","COPS17XX",0.05
"1981","COPS18XX",0.11
"1981","COPS19XX",0.12
"1981","COPS20XX",0.09
"1981","COPS21XX",0.33
"1981","COPS22XX",0.06
"1981","COPS23XX",0.35
"1981","COPS25AX",0.17
"1981","COPS26AX",0.2
"1981","COPS27XX",0.05
"1981","COPS28XX",0.07
"1981","COPS29XX",0.15
"1981","COPS30XX",0.21
"1981","COPS31XX",0.09
"1981","COPS32AX",0.16
"1981","COPS33XX",0.05
"1981","COPS34XX",0.12
"1981","COPS35XX",0.14
"1981","COPS36AX",0.12
"1981","COPS37XX",0.12
"1981","COPS38XX",0.14
"1982","COPS01XX",0.67
"1982","COPS02XX",0.24
"1982","COPS03AX",0.28
"1982","COPS05XX",0.26
"1982","COPS06XX",0.18
"1982","COPS07XX",0.28
"1982","COPS08XX",0.39
"1982","COPS09XX",0.35
"1982","COPS10XX",0.16
"1982","COPS11XX",0.21
"1982","COPS12XX",0.12
"1982","COPS13XX",0.12
"1982","COPS14XX",0.21
"1982","COPS15XX",0.37
"1982","COPS16XX",0.2
"1982","COPS17XX",0.07
"1982","COPS18XX",0.19
"1982","COPS19XX",0.2
"1982","COPS20XX",0.26
"1982","COPS21XX",0.55
"1982","COPS22XX",0.23
"1982","COPS23XX",0.28
"1982","COPS25AX",0.14
"1982","COPS26AX",0.25
"1982","COPS27XX",0.29
"1982","COPS28XX",0.3
"1982","COPS29XX",0.42
"1982","COPS30XX",0.34
"1982","COPS31XX",0.13
"1982","COPS32AX",0.23
"1982","COPS33XX",0.15
"1982","COPS34XX",0.13
"1982","COPS35XX",0.18
"1982","COPS36AX",0.26
"1982","COPS37XX",0.13
"1982","COPS38XX",0.2
"1983","COPS01XX",1.9
"1983","COPS02XX",0.36
"1983","COPS03AX",0.54
"1983","COPS05XX",0.33
"1983","COPS06XX",0.39
"1983","COPS07XX",0.28
"1983","COPS08XX",0.56
"1983","COPS09XX",0.35
"1983","COPS10XX",0.21
"1983","COPS11XX",0.53
"1983","COPS12XX",0.12
"1983","COPS13XX",0.12
"1983","COPS14XX",0.2
"1983","COPS15XX",0.32
"1983","COPS16XX",0.29
"1983","COPS17XX",0.16
"1983","COPS18XX",0.26
"1983","COPS19XX",0.19
"1983","COPS20XX",0.32
"1983","COPS21XX",0.6
"1983","COPS22XX",0.31
"1983","COPS23XX",0.3
"1983","COPS25AX",0.19
"1983","COPS26AX",0.22
"1983","COPS27XX",0.01
"1983","COPS28XX",0.36
"1983","COPS29XX",0.38
"1983","COPS30XX",0.2
"1983","COPS31XX",0.16
"1983","COPS32AX",0.22
"1983","COPS33XX",0.15
"1983","COPS34XX",0.17
"1983","COPS35XX",0.12
"1983","COPS36AX",0.24
"1983","COPS37XX",0.16
"1983","COPS38XX",0.26
"1984","COPS01XX",0.89
"1984","COPS02XX",0.19
"1984","COPS03AX",0.01
"1984","COPS05XX",0.01
"1984","COPS06XX",0.11
"1984","COPS07XX",0.22
"1984","COPS08XX",0.45
"1984","COPS09XX",0.22
"1984","COPS10XX",0.17
"1984","COPS11XX",0.23
"1984","COPS12XX",0.08
"1984","COPS13XX",0.07
"1984","COPS14XX",0.08
"1984","COPS15XX",0.21
"1984","COPS16XX",0.36
"1984","COPS17XX",0.01
"1984","COPS18XX",0.29
"1984","COPS19XX",0.31
"1984","COPS20XX",0.01
"1984","COPS21XX",0.3
"1984","COPS22XX",0.18
"1984","COPS23XX",0.24
"1984","COPS25AX",0.12
"1984","COPS26AX",0.3
"1984","COPS27XX",0.32
"1984","COPS28XX",0.33
"1984","COPS29XX",0.3
"1984","COPS30XX",0.19
"1984","COPS31XX",0.01
"1984","COPS32AX",0.15
"1984","COPS33XX",0.01
"1984","COPS34XX",0.04
"1984","COPS35XX",0.27
"1984","COPS36AX",0.23
"1984","COPS37XX",0.01
"1984","COPS38XX",0.08
"1985","COPS01XX",0.91
"1985","COPS02XX",0.43
"1985","COPS03AX",0.48
"1985","COPS05XX",0.53
"1985","COPS06XX",0.21
"1985","COPS07XX",0.36
"1985","COPS08XX",0.7
"1985","COPS09XX",0.41
"1985","COPS10XX",0.3
"1985","COPS11XX",0.29
"1985","COPS12XX",0.18
"1985","COPS13XX",0.22
"1985","COPS14XX",0.21
"1985","COPS15XX",0.34
"1985","COPS16XX",0.27
"1985","COPS17XX",0.06
"1985","COPS18XX",0.52
"1985","COPS19XX",0.05
"1985","COPS20XX",0.29
"1985","COPS21XX",0.48
"1985","COPS22XX",0.27
"1985","COPS23XX",0.58
"1985","COPS25AX",0.33
"1985","COPS26AX",0.45
"1985","COPS27XX",0.07
"1985","COPS28XX",0.48
"1985","COPS29XX",0.75
"1985","COPS30XX",0.54
"1985","COPS31XX",0.17
"1985","COPS32AX",0.46
"1985","COPS33XX",0.21
"1985","COPS34XX",0.19
"1985","COPS35XX",0.38
"1985","COPS36AX",0.56
"1985","COPS37XX",0.19
"1985","COPS38XX",0.35
"1986","COPS01XX",0.31
"1986","COPS02XX",0.22
"1986","COPS03AX",0.01
"1986","COPS05XX",0.01
"1986","COPS06XX",0.11
"1986","COPS07XX",0.16
"1986","COPS08XX",0.38
"1986","COPS09XX",0.22
"1986","COPS10XX",0.17
"1986","COPS11XX",0.16
"1986","COPS12XX",0.13
"1986","COPS13XX",0.07
"1986","COPS14XX",0.1
"1986","COPS15XX",0.1
"1986","COPS16XX",0.08
"1986","COPS17XX",0.13
"1986","COPS18XX",0.06
"1986","COPS19XX",0.13
"1986","COPS20XX",0.13
"1986","COPS21XX",0.3
"1986","COPS22XX",0.13
"1986","COPS23XX",0.25
"1986","COPS25AX",0.01
"1986","COPS26AX",0.11
"1986","COPS27XX",0.28
"1986","COPS28XX",0.23
"1986","COPS29XX",0.31
"1986","COPS30XX",0.29
"1986","COPS31XX",0.01
"1986","COPS32AX",0.13
"1986","COPS33XX",0.01
"1986","COPS34XX",0.05
"1986","COPS35XX",0.06
"1986","COPS36AX",0.07
"1986","COPS37XX",0.06
"1986","COPS38XX",0.11
"1987","COPS01XX",1.19
"1987","COPS02XX",0.48
"1987","COPS03AX",0.49
"1987","COPS05XX",0.66
"1987","COPS06XX",0.33
"1987","COPS07XX",0.47
"1987","COPS08XX",0.67
"1987","COPS09XX",0.54
"1987","COPS10XX",0.38
"1987","COPS11XX",0.49
"1987","COPS12XX",0.1
"1987","COPS13XX",0.26
"1987","COPS14XX",0.39
"1987","COPS15XX",0.54
"1987","COPS16XX",0.38
"1987","COPS17XX",0.13
"1987","COPS18XX",0.33
"1987","COPS19XX",0.21
"1987","COPS20XX",0.67
"1987","COPS21XX",0.83
"1987","COPS22XX",0.29
"1987","COPS23XX",0.52
"1987","COPS25AX",0.27
"1987","COPS26AX",0.28
"1987","COPS27XX",0.08
"1987","COPS28XX",0.48
"1987","COPS29XX",0.74
"1987","COPS30XX",0.85
"1987","COPS31XX",0.69
"1987","COPS32AX",0.55
"1987","COPS33XX",0.21
"1987","COPS34XX",0.39
"1987","COPS35XX",0.26
"1987","COPS36AX",0.13
"1987","COPS37XX",0.15
"1987","COPS38XX",0.31
"1988","COPS01XX",0.84
"1988","COPS02XX",0.54
"1988","COPS03AX",0.35
"1988","COPS05XX",0.48
"1988","COPS06XX",0.17
"1988","COPS07XX",0.53
"1988","COPS08XX",0.71
"1988","COPS09XX",0.8
"1988","COPS10XX",0.38
"1988","COPS11XX",0.23
"1988","COPS12XX",0.24
"1988","COPS13XX",0.39
"1988","COPS14XX",0.45
"1988","COPS15XX",0.8
"1988","COPS16XX",0.43
"1988","COPS17XX",0.06
"1988","COPS18XX",0.41
"1988","COPS19XX",0.13
"1988","COPS20XX",0.95
"1988","COPS21XX",1.35
"1988","COPS22XX",0.25
"1988","COPS23XX",0.53
"1988","COPS25AX",0.2
"1988","COPS26AX",0.54
"1988","COPS27XX",0.15
"1988","COPS28XX",0.91
"1988","COPS29XX",0.73
"1988","COPS30XX",0.99
"1988","COPS31XX",0.32
"1988","COPS32AX",0.56
"1988","COPS33XX",0.26
"1988","COPS34XX",0.44
"1988","COPS35XX",0.56
"1988","COPS36AX",0.51
"1988","COPS37XX",0.34
"1988","COPS38XX",0.49
"1989","COPS01XX",1.06
"1989","COPS02XX",0.49
"1989","COPS03AX",0.54
"1989","COPS05XX",1.1
"1989","COPS06XX",0.42
"1989","COPS07XX",0.5
"1989","COPS08XX",0.59
"1989","COPS09XX",0.76
"1989","COPS10XX",0.45
"1989","COPS11XX",0.28
"1989","COPS12XX",0.17
"1989","COPS13XX",0.6
"1989","COPS14XX",0.64
"1989","COPS15XX",0.56
"1989","COPS16XX",0.4
"1989","COPS17XX",0.18
"1989","COPS18XX",0.48
"1989","COPS19XX",0.3
"1989","COPS20XX",0.85
"1989","COPS21XX",1.18
"1989","COPS22XX",0.41
"1989","COPS23XX",0.84
"1989","COPS25AX",0.33
"1989","COPS26AX",0.23
"1989","COPS27XX",0.41
"1989","COPS28XX",0.67
"1989","COPS29XX",1.03
"1989","COPS30XX",1.35
"1989","COPS31XX",0.32
"1989","COPS32AX",0.53
"1989","COPS33XX",0.38
"1989","COPS34XX",0.44
"1989","COPS35XX",0.48
"1989","COPS36AX",0.61
"1989","COPS37XX",0.49
"1989","COPS38XX",1.03
"1990","COPS01XX",1.33
"1990","COPS02XX",0.38
"1990","COPS03AX",1.06
"1990","COPS05XX",0.01
"1990","COPS06XX",0.19
"1990","COPS07XX",0.27
"1990","COPS08XX",0.47
"1990","COPS09XX",0.55
"1990","COPS10XX",0.27
"1990","COPS11XX",0.28
"1990","COPS12XX",0.15
"1990","COPS13XX",0.24
"1990","COPS14XX",0.4
"1990","COPS15XX",0.59
"1990","COPS16XX",0.13
"1990","COPS17XX",0.05
"1990","COPS18XX",0.1
"1990","COPS19XX",0.23
"1990","COPS20XX",0.83
"1990","COPS21XX",0.72
"1990","COPS22XX",0.26
"1990","COPS23XX",0.39
"1990","COPS25AX",0.07
"1990","COPS26AX",0.13
"1990","COPS27XX",0.24
"1990","COPS28XX",0.28
"1990","COPS29XX",0.47
"1990","COPS30XX",0.5
"1990","COPS31XX",0.2
"1990","COPS32AX",0.54
"1990","COPS33XX",0.17
"1990","COPS34XX",0.31
"1990","COPS35XX",0.42
"1990","COPS36AX",0.31
"1990","COPS37XX",0.5
"1990","COPS38XX",0.78
"1991","COPS01XX",1.22
"1991","COPS02XX",0.47
"1991","COPS03AX",0.2
"1991","COPS05XX",0.16
"1991","COPS06XX",0.47
"1991","COPS07XX",0.53
"1991","COPS08XX",0.92
"1991","COPS09XX",0.52
"1991","COPS10XX",0.39
"1991","COPS11XX",0.54
"1991","COPS12XX",0.24
"1991","COPS13XX",0.63
"1991","COPS14XX",1.12
"1991","COPS15XX",0.5
"1991","COPS16XX",0.47
"1991","COPS17XX",0.01
"1991","COPS18XX",0.32
"1991","COPS19XX",0.27
"1991","COPS20XX",0.9
"1991","COPS21XX",1.42
"1991","COPS22XX",0.39
"1991","COPS23XX",0.58
"1991","COPS25AX",0.01
"1991","COPS26AX",0.3
"1991","COPS27XX",0.52
"1991","COPS28XX",0.24
"1991","COPS29XX",0.18
"1991","COPS30XX",0.73
"1991","COPS31XX",0.01
"1991","COPS32AX",1.06
"1991","COPS33XX",0.41
"1991","COPS34XX",0.28
"1991","COPS35XX",0.48
"1991","COPS36AX",0.31
"1991","COPS37XX",0.46
"1991","COPS38XX",0.93
"1992","COPS01XX",0.59
"1992","COPS02XX",0.28
"1992","COPS03AX",0.01
"1992","COPS05XX",0.01
"1992","COPS06XX",0.24
"1992","COPS07XX",0.18
"1992","COPS08XX",0.57
"1992","COPS09XX",0.4
"1992","COPS10XX",0.24
"1992","COPS11XX",0.44
"1992","COPS12XX",0.13
"1992","COPS13XX",0.18
"1992","COPS14XX",0.32
"1992","COPS15XX",0.22
"1992","COPS16XX",0.11
"1992","COPS17XX",0.01
"1992","COPS18XX",0.09
"1992","COPS19XX",0.11
"1992","COPS20XX",0.35
"1992","COPS21XX",0.97
"1992","COPS22XX",0.17
"1992","COPS23XX",0.31
"1992","COPS25AX",0.01
"1992","COPS26AX",0.1
"1992","COPS27XX",0.18
"1992","COPS28XX",0.22
"1992","COPS29XX",0.29
"1992","COPS30XX",0.5
"1992","COPS31XX",0.01
"1992","COPS32AX",0.3
"1992","COPS33XX",0.01
"1992","COPS34XX",0.19
"1992","COPS35XX",0.16
"1992","COPS36AX",0.01
"1992","COPS37XX",0.19
"1992","COPS38XX",0.45
"1993","COPS01XX",0.84
"1993","COPS02XX",0.33
"1993","COPS03AX",0.6
"1993","COPS05XX",0.4
"1993","COPS06XX",0.27
"1993","COPS07XX",0.28
"1993","COPS08XX",0.6
"1993","COPS09XX",0.61
"1993","COPS10XX",0.27
"1993","COPS11XX",0.54
"1993","COPS12XX",0.22
"1993","COPS13XX",0.26
"1993","COPS14XX",0.72
"1993","COPS15XX",0.25
"1993","COPS16XX",0.22
"1993","COPS17XX",0.11
"1993","COPS18XX",0.18
"1993","COPS19XX",0.11
"1993","COPS20XX",0.58
"1993","COPS21XX",0.91
"1993","COPS22XX",0.37
"1993","COPS23XX",0.28
"1993","COPS25AX",0.04
"1993","COPS26AX",0.1
"1993","COPS27XX",0.18
"1993","COPS28XX",0.39
"1993","COPS29XX",0.42
"1993","COPS30XX",0.48
"1993","COPS31XX",0.45
"1993","COPS32AX",0.37
"1993","COPS33XX",0.13
"1993","COPS34XX",0.16
"1993","COPS35XX",0.33
"1993","COPS36AX",0.12
"1993","COPS37XX",0.26
"1993","COPS38XX",0.52
"1994","COPS01XX",0.65
"1994","COPS02XX",0.22
"1994","COPS03AX",0.2
"1994","COPS05XX",0.29
"1994","COPS06XX",0.21
"1994","COPS07XX",0.28
"1994","COPS08XX",0.51
"1994","COPS09XX",0.35
"1994","COPS10XX",0.16
"1994","COPS11XX",0.35
"1994","COPS12XX",0.2
"1994","COPS13XX",0.19
"1994","COPS14XX",0.85
"1994","COPS15XX",0.01
"1994","COPS16XX",0.26
"1994","COPS17XX",0.06
"1994","COPS18XX",0.24
"1994","COPS19XX",0.11
"1994","COPS20XX",0.32
"1994","COPS21XX",0.56
"1994","COPS22XX",0.28
"1994","COPS23XX",0.39
"1994","COPS25AX",0.01
"1994","COPS26AX",0.13
"1994","COPS27XX",0.19
"1994","COPS28XX",0.47
"1994","COPS29XX",0.01
"1994","COPS30XX",0.41
"1994","COPS31XX",0.06
"1994","COPS32AX",0.34
"1994","COPS33XX",0.15
"1994","COPS34XX",0.14
"1994","COPS35XX",0.27
"1994","COPS36AX",0.01
"1994","COPS37XX",0.18
"1994","COPS38XX",0.5
"1995","COPS01XX",0.92
"1995","COPS02XX",0.52
"1995","COPS03AX",0.2
"1995","COPS05XX",0.35
"1995","COPS06XX",0.32
"1995","COPS07XX",0.44
"1995","COPS08XX",0.36
"1995","COPS09XX",0.73
"1995","COPS10XX",0.34
"1995","COPS11XX",0.66
"1995","COPS12XX",0.09
"1995","COPS13XX",0.3
"1995","COPS14XX",0.45
"1995","COPS15XX",0.48
"1995","COPS16XX",0.15
"1995","COPS17XX",0.01
"1995","COPS18XX",0.17
"1995","COPS19XX",0.06
"1995","COPS20XX",0.3
"1995","COPS21XX",0.61
"1995","COPS22XX",0.38
"1995","COPS23XX",0.57
"1995","COPS25AX",0.1
"1995","COPS26AX",0.1
"1995","COPS27XX",0.17
"1995","COPS28XX",0.71
"1995","COPS29XX",0.42
"1995","COPS30XX",0.3
"1995","COPS31XX",0.13
"1995","COPS32AX",0.23
"1995","COPS33XX",0.16
"1995","COPS34XX",0.25
"1995","COPS35XX",0.28
"1995","COPS36AX",0.38
"1995","COPS37XX",0.1
"1995","COPS38XX",0.17
"1996","COPS01XX",0.96
"1996","COPS02XX",0.48
"1996","COPS03AX",0.41
"1996","COPS05XX",0.42
"1996","COPS06XX",0.27
"1996","COPS07XX",0.75
"1996","COPS08XX",0.44
"1996","COPS09XX",0.52
"1996","COPS10XX",0.39
"1996","COPS11XX",0.21
"1996","COPS12XX",0.23
"1996","COPS13XX",0.37
"1996","COPS14XX",0.94
"1996","COPS15XX",0.51
"1996","COPS16XX",0.32
"1996","COPS17XX",0.22
"1996","COPS18XX",0.33
"1996","COPS19XX",0.17
"1996","COPS20XX",0.18
"1996","COPS21XX",0.5
"1996","COPS22XX",0.59
"1996","COPS23XX",0.53
"1996","COPS25AX",0.28
"1996","COPS26AX",0.37
"1996","COPS27XX",0.1
"1996","COPS28XX",0.77
"1996","COPS29XX",0.47
"1996","COPS30XX",0.37
"1996","COPS31XX",0.09
"1996","COPS32AX",0.31
"1996","COPS33XX",0.27
"1996","COPS34XX",0.22
"1996","COPS35XX",0.35
"1996","COPS36AX",0.21
"1996","COPS37XX",0.23
"1996","COPS38XX",0.21
"1997","COPS01XX",1.67
"1997","COPS02XX",0.73
"1997","COPS03AX",0.16
"1997","COPS05XX",0.55
"1997","COPS06XX",0.47
"1997","COPS07XX",0.97
"1997","COPS08XX",1.1
"1997","COPS09XX",0.59
"1997","COPS10XX",0.48
"1997","COPS11XX",0.33
"1997","COPS12XX",0.84
"1997","COPS13XX",1.01
"1997","COPS14XX",1.49
"1997","COPS15XX",0.67
"1997","COPS16XX",0.46
"1997","COPS17XX",0.22
"1997","COPS18XX",0.52
"1997","COPS19XX",0.54
"1997","COPS20XX",1.17
"1997","COPS21XX",1.18
"1997","COPS22XX",1.09
"1997","COPS23XX",1.02
"1997","COPS25AX",0.31
"1997","COPS26AX",0.5
"1997","COPS27XX",0.14
"1997","COPS28XX",0.73
"1997","COPS29XX",0.98
"1997","COPS30XX",0.84
"1997","COPS31XX",0.11
"1997","COPS32AX",0.59
"1997","COPS33XX",0.4
"1997","COPS34XX",0.37
"1997","COPS35XX",0.37
"1997","COPS36AX",0.36
"1997","COPS37XX",0.18
"1997","COPS38XX",0.88
"1998","COPS01XX",1.21
"1998","COPS02XX",0.47
"1998","COPS03AX",0.69
"1998","COPS05XX",0.79
"1998","COPS06XX",0.66
"1998","COPS07XX",0.6
"1998","COPS08XX",0.6
"1998","COPS09XX",0.47
"1998","COPS10XX",0.43
"1998","COPS11XX",0.4
"1998","COPS12XX",0.84
"1998","COPS13XX",0.84
"1998","COPS14XX",1.02
"1998","COPS15XX",0.67
"1998","COPS16XX",0.25
"1998","COPS17XX",0.38
"1998","COPS18XX",0.58
"1998","COPS19XX",0.32
"1998","COPS20XX",1.13
"1998","COPS21XX",1.14
"1998","COPS22XX",1.06
"1998","COPS23XX",0.6
"1998","COPS25AX",0.07
"1998","COPS26AX",0.63
"1998","COPS27XX",0.37
"1998","COPS28XX",0.69
"1998","COPS29XX",0.8
"1998","COPS30XX",0.5
"1998","COPS31XX",0.1
"1998","COPS32AX",0.7
"1998","COPS33XX",0.5
"1998","COPS34XX",0.55
"1998","COPS35XX",0.15
"1998","COPS36AX",0.44
"1998","COPS37XX",0.46
"1998","COPS38XX",1.01
"1999","COPS01XX",0.38
"1999","COPS02XX",0.09
"1999","COPS03AX",0.17
"1999","COPS05XX",0.22
"1999","COPS06XX",0.17
"1999","COPS07XX",0.23
"1999","COPS08XX",0.25
"1999","COPS09XX",0.26
"1999","COPS10XX",0.17
"1999","COPS11XX",0.22
"1999","COPS12XX",0.37
"1999","COPS13XX",0.35
"1999","COPS14XX",0.22
"1999","COPS15XX",0.25
"1999","COPS16XX",0.01
"1999","COPS17XX",0.09
"1999","COPS18XX",0.1
"1999","COPS19XX",0.06
"1999","COPS20XX",0.43
"1999","COPS21XX",0.32
"1999","COPS22XX",0.32
"1999","COPS23XX",0.3
"1999","COPS25AX",0.18
"1999","COPS26AX",0.09
"1999","COPS27XX",0.09
"1999","COPS28XX",0.1
"1999","COPS29XX",0.3
"1999","COPS30XX",0.18
"1999","COPS31XX",0.24
"1999","COPS32AX",0.23
"1999","COPS33XX",0.12
"1999","COPS34XX",0.12
"1999","COPS35XX",0.19
"1999","COPS36AX",0.01
"1999","COPS37XX",0.01
"1999","COPS38XX",0.37
"2000","COPS01XX",1.32
"2000","COPS02XX",0.39
"2000","COPS03AX",1
"2000","COPS05XX",1.09
"2000","COPS06XX",0.44
"2000","COPS07XX",0.63
"2000","COPS08XX",0.57
"2000","COPS09XX",0.7
"2000","COPS10XX",0.48
"2000","COPS11XX",0.48
"2000","COPS12XX",0.4
"2000","COPS13XX",1.06
"2000","COPS14XX",0.91
"2000","COPS15XX",0.91
"2000","COPS16XX",0.33
"2000","COPS17XX",0.35
"2000","COPS18XX",0.73
"2000","COPS19XX",0.08
"2000","COPS20XX",1.42
"2000","COPS21XX",0.71
"2000","COPS22XX",1.27
"2000","COPS23XX",0.37
"2000","COPS25AX",0.08
"2000","COPS26AX",0.3
"2000","COPS27XX",0.23
"2000","COPS28XX",0.8
"2000","COPS29XX",0.68
"2000","COPS30XX",1.31
"2000","COPS31XX",0.25
"2000","COPS32AX",0.91
"2000","COPS33XX",0.8
"2000","COPS34XX",0.52
"2000","COPS35XX",0.37
"2000","COPS36AX",0.38
"2000","COPS37XX",0.39
"2000","COPS38XX",0.63
"2001","COPS01XX",0.64
"2001","COPS02XX",0.29
"2001","COPS03AX",0.49
"2001","COPS05XX",0.47
"2001","COPS06XX",0.23
"2001","COPS07XX",0.45
"2001","COPS08XX",0.42
"2001","COPS09XX",0.38
"2001","COPS10XX",0.22
"2001","COPS11XX",0.31
"2001","COPS12XX",0.14
"2001","COPS13XX",0.31
"2001","COPS14XX",0.66
"2001","COPS15XX",0.49
"2001","COPS16XX",0.08
"2001","COPS17XX",0.13
"2001","COPS18XX",0.31
"2001","COPS19XX",0.27
"2001","COPS20XX",0.76
"2001","COPS21XX",0.5
"2001","COPS22XX",0.62
"2001","COPS23XX",0.28
"2001","COPS25AX",0.08
"2001","COPS26AX",0.23
"2001","COPS27XX",0.26
"2001","COPS28XX",0.53
"2001","COPS29XX",0.54
"2001","COPS30XX",0.55
"2001","COPS31XX",0.09
"2001","COPS32AX",0.45
"2001","COPS33XX",0.45
"2001","COPS34XX",0.34
"2001","COPS35XX",0.3
"2001","COPS36AX",0.22
"2001","COPS37XX",0.28
"2001","COPS38XX",0.13
"2002","COPS01XX",1.12
"2002","COPS02XX",0.34
"2002","COPS03AX",0.71
"2002","COPS05XX",0.64
"2002","COPS06XX",0.37
"2002","COPS07XX",0.71
"2002","COPS08XX",0.57
"2002","COPS09XX",0.48
"2002","COPS10XX",0.42
"2002","COPS11XX",0.44
"2002","COPS12XX",0.2
"2002","COPS13XX",0.49
"2002","COPS14XX",0.81
"2002","COPS15XX",0.66
"2002","COPS16XX",0.27
"2002","COPS17XX",0.17
"2002","COPS18XX",0.71
"2002","COPS19XX",0.26
"2002","COPS20XX",1.25
"2002","COPS21XX",0.59
"2002","COPS22XX",0.97
"2002","COPS23XX",0.46
"2002","COPS25AX",0.2
"2002","COPS26AX",0.33
"2002","COPS27XX",0.3
"2002","COPS28XX",1.04
"2002","COPS29XX",0.72
"2002","COPS30XX",0.27
"2002","COPS31XX",0.14
"2002","COPS32AX",1.02
"2002","COPS33XX",0.63
"2002","COPS34XX",0.33
"2002","COPS35XX",0.42
"2002","COPS36AX",0.37
"2002","COPS37XX",0.39
"2002","COPS38XX",0.18
"2003","COPS01XX",1.63
"2003","COPS02XX",0.75
"2003","COPS03AX",1.13
"2003","COPS05XX",1.49
"2003","COPS06XX",0.51
"2003","COPS07XX",1.12
"2003","COPS08XX",0.8
"2003","COPS09XX",1.13
"2003","COPS10XX",0.69
"2003","COPS11XX",0.62
"2003","COPS12XX",0.28
"2003","COPS13XX",0.88
"2003","COPS14XX",1.45
"2003","COPS15XX",1.42
"2003","COPS16XX",0.45
"2003","COPS17XX",0.52
"2003","COPS18XX",0.77
"2003","COPS19XX",0.31
"2003","COPS20XX",2.2
"2003","COPS21XX",1.43
"2003","COPS22XX",1.72
"2003","COPS23XX",0.87
"2003","COPS25AX",0.35
"2003","COPS26AX",0.49
"2003","COPS27XX",0.44
"2003","COPS28XX",1.05
"2003","COPS29XX",0.43
"2003","COPS30XX",0.62
"2003","COPS31XX",0.3
"2003","COPS32AX",2.15
"2003","COPS33XX",1.08
"2003","COPS34XX",0.6
"2003","COPS35XX",0.69
"2003","COPS36AX",0.75
"2003","COPS37XX",0.53
"2003","COPS38XX",0.53
"2004","COPS01XX",1.11
"2004","COPS02XX",0.46
"2004","COPS03AX",0.83
"2004","COPS05XX",0.97
"2004","COPS06XX",0.52
"2004","COPS07XX",0.68
"2004","COPS08XX",0.55
"2004","COPS09XX",0.68
"2004","COPS10XX",0.36
"2004","COPS11XX",0.35
"2004","COPS12XX",0.31
"2004","COPS13XX",0.85
"2004","COPS14XX",1
"2004","COPS15XX",0.56
"2004","COPS16XX",0.34
"2004","COPS17XX",0.46
"2004","COPS18XX",0.43
"2004","COPS19XX",0.4
"2004","COPS20XX",1.14
"2004","COPS21XX",1.03
"2004","COPS22XX",0.88
"2004","COPS23XX",0.53
"2004","COPS25AX",0.3
"2004","COPS26AX",0.47
"2004","COPS27XX",0.29
"2004","COPS28XX",1.05
"2004","COPS29XX",0.68
"2004","COPS30XX",0.47
"2004","COPS31XX",0.21
"2004","COPS32AX",1.1
"2004","COPS33XX",0.94
"2004","COPS34XX",0.35
"2004","COPS35XX",0.43
"2004","COPS36AX",0.38
"2004","COPS37XX",0.39
"2004","COPS38XX",0.36
"2005","COPS01XX",0.21
"2005","COPS02XX",0.01
"2005","COPS03AX",0.01
"2005","COPS05XX",0.01
"2005","COPS06XX",0.01
"2005","COPS07XX",0.01
"2005","COPS08XX",0.01
"2005","COPS09XX",0.08
"2005","COPS10XX",0.01
"2005","COPS11XX",0.12
"2005","COPS12XX",0.01
"2005","COPS13XX",0.01
"2005","COPS14XX",0.01
"2005","COPS15XX",0.14
"2005","COPS16XX",0.01
"2005","COPS17XX",0.01
"2005","COPS18XX",0.01
"2005","COPS19XX",0.01
"2005","COPS20XX",0.01
"2005","COPS21XX",0.01
"2005","COPS22XX",0.01
"2005","COPS23XX",0.01
"2005","COPS25AX",0.01
"2005","COPS26AX",0.01
"2005","COPS27XX",0.01
"2005","COPS28XX",0.01
"2005","COPS29XX",0.01
"2005","COPS30XX",0.01
"2005","COPS31XX",0.01
"2005","COPS32AX",0.01
"2005","COPS33XX",0.01
"2005","COPS34XX",0.01
"2005","COPS35XX",0.01
"2005","COPS36AX",0.01
"2005","COPS37XX",0.01
"2005","COPS38XX",0.06
"2006","COPS01XX",1.3
"2006","COPS02XX",0.22
"2006","COPS03AX",0.32
"2006","COPS05XX",0.51
"2006","COPS06XX",0.28
"2006","COPS07XX",0.59
"2006","COPS08XX",0.39
"2006","COPS09XX",0.39
"2006","COPS10XX",0.3
"2006","COPS11XX",0.39
"2006","COPS12XX",0.01
"2006","COPS13XX",0.57
"2006","COPS14XX",0.43
"2006","COPS15XX",0.68
"2006","COPS16XX",0.2
"2006","COPS17XX",0.23
"2006","COPS18XX",0.29
"2006","COPS19XX",0.01
"2006","COPS20XX",0.79
"2006","COPS21XX",0.45
"2006","COPS22XX",0.83
"2006","COPS23XX",0.31
"2006","COPS25AX",0.01
"2006","COPS26AX",0.24
"2006","COPS27XX",0.08
"2006","COPS28XX",0.88
"2006","COPS29XX",0.89
"2006","COPS30XX",0.31
"2006","COPS31XX",0.17
"2006","COPS32AX",1
"2006","COPS33XX",0.85
"2006","COPS34XX",0.45
"2006","COPS35XX",0.35
"2006","COPS36AX",0.29
"2006","COPS37XX",0.49
"2006","COPS38XX",0.46
"2007","COPS01XX",1.38
"2007","COPS02XX",0.19
"2007","COPS03AX",0.28
"2007","COPS05XX",0.68
"2007","COPS06XX",0.37
"2007","COPS07XX",0.53
"2007","COPS08XX",0.47
"2007","COPS09XX",0.18
"2007","COPS10XX",0.16
"2007","COPS11XX",0.37
"2007","COPS12XX",0.29
"2007","COPS13XX",0.91
"2007","COPS14XX",0.45
"2007","COPS15XX",0.46
"2007","COPS16XX",0.1
"2007","COPS17XX",0.36
"2007","COPS18XX",0.28
"2007","COPS19XX",0.19
"2007","COPS20XX",1
"2007","COPS21XX",0.53
"2007","COPS22XX",1.03
"2007","COPS23XX",0.16
"2007","COPS25AX",0.22
"2007","COPS26AX",0.21
"2007","COPS27XX",0.05
"2007","COPS28XX",0.76
"2007","COPS29XX",0.87
"2007","COPS30XX",0.23
"2007","COPS31XX",0.1
"2007","COPS32AX",1.1
"2007","COPS33XX",0.49
"2007","COPS34XX",0.35
"2007","COPS35XX",0.49
"2007","COPS36AX",0.29
"2007","COPS37XX",0.46
"2007","COPS38XX",0.62
"2008","COPS01XX",0.89
"2008","COPS02XX",0.29
"2008","COPS03AX",0.53
"2008","COPS05XX",0.57
"2008","COPS06XX",0.35
"2008","COPS07XX",0.35
"2008","COPS08XX",0.54
"2008","COPS09XX",0.28
"2008","COPS10XX",0.26
"2008","COPS11XX",0.41
"2008","COPS12XX",0.17
"2008","COPS13XX",0.59
"2008","COPS14XX",0.42
"2008","COPS15XX",0.37
"2008","COPS16XX",0.24
"2008","COPS17XX",0.44
"2008","COPS18XX",0.18
"2008","COPS19XX",0.11
"2008","COPS20XX",0.92
"2008","COPS21XX",0.63
"2008","COPS22XX",0.77
"2008","COPS23XX",0.23
"2008","COPS25AX",0.17
"2008","COPS26AX",0.19
"2008","COPS27XX",0.09
"2008","COPS28XX",0.88
"2008","COPS29XX",0.68
"2008","COPS30XX",0.32
"2008","COPS31XX",0.11
"2008","COPS32AX",0.73
"2008","COPS33XX",0.58
"2008","COPS34XX",0.17
"2008","COPS35XX",0.22
"2008","COPS36AX",0.38
"2008","COPS37XX",0.14
"2008","COPS38XX",0.48
"2009","COPS01XX",1.03
"2009","COPS02XX",0.33
"2009","COPS03AX",0.83
"2009","COPS05XX",0.81
"2009","COPS06XX",0.53
"2009","COPS07XX",0.61
"2009","COPS08XX",0.59
"2009","COPS09XX",0.4
"2009","COPS10XX",0.29
"2009","COPS11XX",0.4
"2009","COPS12XX",0.18
"2009","COPS13XX",0.41
"2009","COPS14XX",0.62
"2009","COPS15XX",0.65
"2009","COPS16XX",0.26
"2009","COPS17XX",0.44
"2009","COPS18XX",0.51
"2009","COPS19XX",0.26
"2009","COPS20XX",1.12
"2009","COPS21XX",0.44
"2009","COPS22XX",1.18
"2009","COPS23XX",0.26
"2009","COPS25AX",0.15
"2009","COPS26AX",0.31
"2009","COPS27XX",0.19
"2009","COPS28XX",0.64
"2009","COPS29XX",0.85
"2009","COPS30XX",0.86
"2009","COPS31XX",0.27
"2009","COPS32AX",0.93
"2009","COPS33XX",0.75
"2009","COPS34XX",0.21
"2009","COPS35XX",0.26
"2009","COPS36AX",0.38
"2009","COPS37XX",0.18
"2009","COPS38XX",0.45
"2010","COPS01XX",2.13
"2010","COPS02XX",0.53
"2010","COPS03AX",1.24
"2010","COPS05XX",1.75
"2010","COPS06XX",0.51
"2010","COPS07XX",1.15
"2010","COPS08XX",1.04
"2010","COPS09XX",1.06
"2010","COPS10XX",0.46
"2010","COPS11XX",0.73
"2010","COPS12XX",0.27
"2010","COPS13XX",0.94
"2010","COPS14XX",1.42
"2010","COPS15XX",1.27
"2010","COPS16XX",0.3
"2010","COPS17XX",0.84
"2010","COPS18XX",1.12
"2010","COPS19XX",0.18
"2010","COPS20XX",1.97
"2010","COPS21XX",1.02
"2010","COPS22XX",2.14
"2010","COPS23XX",0.55
"2010","COPS25AX",0.1
"2010","COPS26AX",0.66
"2010","COPS27XX",0.17
"2010","COPS28XX",1.54
"2010","COPS29XX",0.96
"2010","COPS30XX",1.2
"2010","COPS31XX",0.22
"2010","COPS32AX",1.49
"2010","COPS33XX",1.12
"2010","COPS34XX",0.57
"2010","COPS35XX",1.18
"2010","COPS36AX",0.72
"2010","COPS37XX",0.66
"2010","COPS38XX",1.4
"2011","COPS01XX",0.54
"2011","COPS02XX",0.24
"2011","COPS03AX",0.62
"2011","COPS05XX",0.73
"2011","COPS06XX",0.35
"2011","COPS07XX",0.48
"2011","COPS08XX",0.8
"2011","COPS09XX",0.34
"2011","COPS10XX",0.25
"2011","COPS11XX",0.38
"2011","COPS12XX",0.22
"2011","COPS13XX",0.46
"2011","COPS14XX",0.52
"2011","COPS15XX",0.55
"2011","COPS16XX",0.22
"2011","COPS17XX",0.36
"2011","COPS18XX",0.35
"2011","COPS19XX",0.26
"2011","COPS20XX",0.87
"2011","COPS21XX",0.49
"2011","COPS22XX",0.94
"2011","COPS23XX",0.3
"2011","COPS25AX",NA
"2011","COPS26AX",0.37
"2011","COPS27XX",0.17
"2011","COPS28XX",0.5
"2011","COPS29XX",0.45
"2011","COPS30XX",0.46
"2011","COPS31XX",0.12
"2011","COPS32AX",0.7
"2011","COPS33XX",0.51
"2011","COPS34XX",0.25
"2011","COPS35XX",0.49
"2011","COPS36AX",0.35
"2011","COPS37XX",0.36
"2011","COPS38XX",0.62
"2012","COPS01XX",0.14
"2012","COPS02XX",NA
"2012","COPS03AX",0.05
"2012","COPS05XX",NA
"2012","COPS06XX",0.27
"2012","COPS07XX",0.24
"2012","COPS08XX",0.09
"2012","COPS09XX",0.1
"2012","COPS10XX",0.04
"2012","COPS11XX",0.08
"2012","COPS12XX",NA
"2012","COPS13XX",NA
"2012","COPS14XX",0.13
"2012","COPS15XX",0.15
"2012","COPS16XX",NA
"2012","COPS17XX",NA
"2012","COPS18XX",NA
"2012","COPS19XX",NA
"2012","COPS20XX",NA
"2012","COPS21XX",NA
"2012","COPS22XX",NA
"2012","COPS23XX",0.06
"2012","COPS25AX",NA
"2012","COPS26AX",NA
"2012","COPS27XX",NA
"2012","COPS28XX",0.18
"2012","COPS29XX",0.08
"2012","COPS30XX",NA
"2012","COPS31XX",NA
"2012","COPS32AX",0.2
"2012","COPS33XX",0.06
"2012","COPS34XX",NA
"2012","COPS35XX",0.11
"2012","COPS36AX",NA
"2012","COPS37XX",NA
"2012","COPS38XX",NA
